date,nom,deces,hospitalises,reanimation,deces_q,hospitalises_q,reanimation_q,sum_q,covid_state,place_name,place_address,place_populartimes,place_populartimes_0,place_populartimes_1,place_populartimes_2,place_populartimes_3,place_populartimes_4,place_populartimes_5,place_populartimes_6,place_populartimes_7,place_populartimes_8,place_populartimes_9,place_populartimes_10,place_populartimes_11,place_populartimes_12,place_populartimes_13,place_populartimes_14,place_populartimes_15,place_populartimes_16,place_populartimes_17,place_populartimes_18,place_populartimes_19,place_populartimes_20,place_populartimes_21,place_populartimes_22,place_populartimes_23,hospital-nearby,event-nearby
2020-09-22,Paris,1849,322,77,1.5,0.6000000000000001,0.8999999999999999,3.0,high,O' Sole Mio.,"6 Rue de la Procession, Suresnes","[0, 0, 0, 0, 0, 0, 0, 0, 0, 0, 0, 0, 21, 53, 19, 0, 0, 0, 0, 36, 78, 48, 10, 0]",0.0,0.0,0.0,0.0,0.0,0.0,0.0,0.0,0.0,0.0,0.0,0.0,21.0,53.0,19.0,0.0,0.0,0.0,0.0,36.0,78.0,48.0,10.0,0.0,1,0
2020-09-22,Paris,1849,322,77,1.5,0.6000000000000001,0.8999999999999999,3.0,high,Acqua in bocca,"18 Rue de la Poterie, Suresnes","[0, 0, 0, 0, 0, 0, 0, 0, 0, 0, 0, 10, 60, 81, 32, 0, 0, 7, 5, 40, 12, 0, 0, 0]",0.0,0.0,0.0,0.0,0.0,0.0,0.0,0.0,0.0,0.0,0.0,10.0,60.0,81.0,32.0,0.0,0.0,7.0,5.0,40.0,12.0,0.0,0.0,0.0,0,1
2020-09-22,Paris,1849,322,77,1.5,0.6000000000000001,0.8999999999999999,3.0,high,Pizza West.,"49 Rue du Mont Valérien, Saint-Cloud","[0, 0, 0, 0, 0, 0, 0, 0, 0, 0, 0, 10, 14, 16, 0, 0, 0, 0, 37, 62, 83, 83, 56, 0]",0.0,0.0,0.0,0.0,0.0,0.0,0.0,0.0,0.0,0.0,0.0,10.0,14.0,16.0,0.0,0.0,0.0,0.0,37.0,62.0,83.0,83.0,56.0,0.0,0,0
2020-09-22,Paris,1849,322,77,1.5,0.6000000000000001,0.8999999999999999,3.0,high,Yasami,"1 Avenue Edouard Vaillant, Suresnes","[0, 0, 0, 0, 0, 0, 0, 0, 0, 0, 0, 0, 100, 36, 0, 0, 0, 0, 3, 23, 30, 6, 0, 0]",0.0,0.0,0.0,0.0,0.0,0.0,0.0,0.0,0.0,0.0,0.0,0.0,100.0,36.0,0.0,0.0,0.0,0.0,3.0,23.0,30.0,6.0,0.0,0.0,0,1
2020-09-22,Paris,1849,322,77,1.5,0.6000000000000001,0.8999999999999999,3.0,high,Tabac brasserie le rond point,"39 Avenue Edouard Vaillant, Suresnes","[0, 0, 0, 0, 0, 0, 12, 45, 68, 58, 31, 31, 52, 46, 22, 19, 33, 42, 36, 20, 4, 0, 0, 0]",0.0,0.0,0.0,0.0,0.0,0.0,12.0,45.0,68.0,58.0,31.0,31.0,52.0,46.0,22.0,19.0,33.0,42.0,36.0,20.0,4.0,0.0,0.0,0.0,1,0
2020-09-22,Paris,1849,322,77,1.5,0.6000000000000001,0.8999999999999999,3.0,high,ROYAL SUSHI,"2 Avenue Jean Jaurès, Suresnes","[0, 0, 0, 0, 0, 0, 0, 0, 0, 0, 0, 0, 32, 45, 32, 0, 0, 0, 57, 82, 87, 65, 37, 0]",0.0,0.0,0.0,0.0,0.0,0.0,0.0,0.0,0.0,0.0,0.0,0.0,32.0,45.0,32.0,0.0,0.0,0.0,57.0,82.0,87.0,65.0,37.0,0.0,0,1
2020-09-22,Paris,1849,322,77,1.5,0.6000000000000001,0.8999999999999999,3.0,high,O'Jardin Secret,"134 Boulevard Henri Sellier, Suresnes","[0, 0, 0, 0, 0, 0, 0, 0, 0, 0, 0, 0, 41, 51, 17, 0, 0, 0, 8, 36, 80, 99, 68, 26]",0.0,0.0,0.0,0.0,0.0,0.0,0.0,0.0,0.0,0.0,0.0,0.0,41.0,51.0,17.0,0.0,0.0,0.0,8.0,36.0,80.0,99.0,68.0,26.0,1,0
2020-09-22,Paris,1849,322,77,1.5,0.6000000000000001,0.8999999999999999,3.0,high,Nomad Resto,"24 Avenue Jean Jaurès, Suresnes","[0, 0, 0, 0, 0, 0, 0, 0, 0, 0, 0, 35, 56, 68, 70, 59, 45, 37, 46, 67, 81, 76, 50, 21]",0.0,0.0,0.0,0.0,0.0,0.0,0.0,0.0,0.0,0.0,0.0,35.0,56.0,68.0,70.0,59.0,45.0,37.0,46.0,67.0,81.0,76.0,50.0,21.0,0,0
2020-09-22,Paris,1849,322,77,1.5,0.6000000000000001,0.8999999999999999,3.0,high,Carrefour City,"35 Avenue Edouard Vaillant, Suresnes","[0, 0, 0, 0, 0, 0, 0, 6, 15, 27, 37, 41, 37, 29, 24, 30, 44, 54, 48, 30, 13, 0, 0, 0]",0.0,0.0,0.0,0.0,0.0,0.0,0.0,6.0,15.0,27.0,37.0,41.0,37.0,29.0,24.0,30.0,44.0,54.0,48.0,30.0,13.0,0.0,0.0,0.0,0,0
2020-09-22,Paris,1849,322,77,1.5,0.6000000000000001,0.8999999999999999,3.0,high,Franprix,"17 Rue Chevreul, Suresnes","[0, 0, 0, 0, 0, 0, 0, 0, 9, 14, 18, 23, 27, 30, 31, 31, 30, 38, 68, 75, 36, 0, 0, 0]",0.0,0.0,0.0,0.0,0.0,0.0,0.0,0.0,9.0,14.0,18.0,23.0,27.0,30.0,31.0,31.0,30.0,38.0,68.0,75.0,36.0,0.0,0.0,0.0,0,0
2020-09-22,Paris,1849,322,77,1.5,0.6000000000000001,0.8999999999999999,3.0,high,Au Père Lapin,"10 Rue du Calvaire, Suresnes","[0, 0, 0, 0, 0, 0, 0, 0, 0, 0, 0, 0, 37, 48, 0, 0, 0, 0, 0, 0, 0, 0, 0, 0]",0.0,0.0,0.0,0.0,0.0,0.0,0.0,0.0,0.0,0.0,0.0,0.0,37.0,48.0,0.0,0.0,0.0,0.0,0.0,0.0,0.0,0.0,0.0,0.0,0,0
2020-09-22,Paris,1849,322,77,1.5,0.6000000000000001,0.8999999999999999,3.0,high,Boulangerie Chou Quet's,"14 Rue Chevreul, Suresnes","[0, 0, 0, 0, 0, 0, 0, 8, 33, 25, 41, 66, 58, 25, 8, 8, 33, 75, 91, 66, 25, 0, 0, 0]",0.0,0.0,0.0,0.0,0.0,0.0,0.0,8.0,33.0,25.0,41.0,66.0,58.0,25.0,8.0,8.0,33.0,75.0,91.0,66.0,25.0,0.0,0.0,0.0,1,1
2020-09-22,Paris,1849,322,77,1.5,0.6000000000000001,0.8999999999999999,3.0,high,La Toscana,"1 Rue Gambetta, Suresnes","[0, 0, 0, 0, 0, 0, 0, 0, 0, 0, 0, 0, 34, 89, 79, 24, 3, 3, 13, 31, 41, 34, 17, 0]",0.0,0.0,0.0,0.0,0.0,0.0,0.0,0.0,0.0,0.0,0.0,0.0,34.0,89.0,79.0,24.0,3.0,3.0,13.0,31.0,41.0,34.0,17.0,0.0,0,0
2020-09-22,Paris,1849,322,77,1.5,0.6000000000000001,0.8999999999999999,3.0,high,Win Sushi,"9 Rue du Val d'Or, Saint-Cloud","[0, 0, 0, 0, 0, 0, 0, 0, 0, 0, 5, 16, 47, 45, 12, 0, 0, 0, 5, 5, 7, 7, 5, 0]",0.0,0.0,0.0,0.0,0.0,0.0,0.0,0.0,0.0,0.0,5.0,16.0,47.0,45.0,12.0,0.0,0.0,0.0,5.0,5.0,7.0,7.0,5.0,0.0,0,1
2020-09-22,Paris,1849,322,77,1.5,0.6000000000000001,0.8999999999999999,3.0,high,Les petits princes,"26 Rue du Val d'Or, Suresnes","[0, 0, 0, 0, 0, 0, 0, 0, 0, 0, 0, 0, 16, 16, 9, 0, 0, 0, 0, 24, 53, 58, 33, 0]",0.0,0.0,0.0,0.0,0.0,0.0,0.0,0.0,0.0,0.0,0.0,0.0,16.0,16.0,9.0,0.0,0.0,0.0,0.0,24.0,53.0,58.0,33.0,0.0,1,0
2020-09-22,Paris,1849,322,77,1.5,0.6000000000000001,0.8999999999999999,3.0,high,franprix,"18 Rue de la République, Suresnes","[0, 0, 0, 0, 0, 0, 0, 12, 20, 21, 16, 29, 91, 65, 11, 8, 15, 19, 19, 15, 8, 0, 0, 0]",0.0,0.0,0.0,0.0,0.0,0.0,0.0,12.0,20.0,21.0,16.0,29.0,91.0,65.0,11.0,8.0,15.0,19.0,19.0,15.0,8.0,0.0,0.0,0.0,0,0
2020-09-22,Paris,1849,322,77,1.5,0.6000000000000001,0.8999999999999999,3.0,high,Aqua Restaurant,"5 Quai Marcel Dassault, Suresnes","[0, 0, 0, 0, 0, 0, 0, 0, 0, 0, 0, 0, 26, 30, 0, 0, 0, 0, 0, 24, 37, 39, 27, 0]",0.0,0.0,0.0,0.0,0.0,0.0,0.0,0.0,0.0,0.0,0.0,0.0,26.0,30.0,0.0,0.0,0.0,0.0,0.0,24.0,37.0,39.0,27.0,0.0,1,0
2020-09-22,Paris,1849,322,77,1.5,0.6000000000000001,0.8999999999999999,3.0,high,Le Royal Food,"66 Boulevard Henri Sellier, Suresnes","[0, 0, 0, 0, 0, 0, 0, 0, 0, 0, 0, 35, 52, 56, 43, 25, 12, 16, 31, 47, 50, 33, 16, 0]",0.0,0.0,0.0,0.0,0.0,0.0,0.0,0.0,0.0,0.0,0.0,35.0,52.0,56.0,43.0,25.0,12.0,16.0,31.0,47.0,50.0,33.0,16.0,0.0,1,0
2020-09-22,Paris,1849,322,77,1.5,0.6000000000000001,0.8999999999999999,3.0,high,URBAN FOOD,"11 Rue Maurice Payret Dortail, Suresnes","[0, 0, 0, 0, 0, 0, 0, 0, 0, 22, 27, 33, 44, 44, 44, 38, 33, 27, 22, 0, 5, 5, 0, 0]",0.0,0.0,0.0,0.0,0.0,0.0,0.0,0.0,0.0,22.0,27.0,33.0,44.0,44.0,44.0,38.0,33.0,27.0,22.0,0.0,5.0,5.0,0.0,0.0,1,1
2020-09-22,Paris,1849,322,77,1.5,0.6000000000000001,0.8999999999999999,3.0,high,Market Suresnes Ferry,"4 Allée Jules Ferry, Suresnes","[0, 0, 0, 0, 0, 0, 0, 0, 14, 27, 41, 51, 53, 45, 35, 34, 48, 66, 70, 52, 27, 0, 0, 0]",0.0,0.0,0.0,0.0,0.0,0.0,0.0,0.0,14.0,27.0,41.0,51.0,53.0,45.0,35.0,34.0,48.0,66.0,70.0,52.0,27.0,0.0,0.0,0.0,0,1
2020-09-22,Paris,1849,322,77,1.5,0.6000000000000001,0.8999999999999999,3.0,high,Vallon du Liban,"5 Allée Jules Ferry, Suresnes","[0, 0, 0, 0, 0, 0, 0, 0, 0, 0, 0, 32, 70, 64, 24, 0, 0, 0, 8, 18, 21, 13, 0, 0]",0.0,0.0,0.0,0.0,0.0,0.0,0.0,0.0,0.0,0.0,0.0,32.0,70.0,64.0,24.0,0.0,0.0,0.0,8.0,18.0,21.0,13.0,0.0,0.0,0,0
2020-09-22,Paris,1849,322,77,1.5,0.6000000000000001,0.8999999999999999,3.0,high,Subway,"Centre commercial Galerie Bagatelle 6 rue des Bourets, entrée 2 bis, Rue Diderot, Suresnes","[0, 0, 0, 0, 0, 0, 0, 0, 12, 11, 10, 42, 95, 94, 41, 13, 16, 25, 31, 28, 20, 0, 0, 0]",0.0,0.0,0.0,0.0,0.0,0.0,0.0,0.0,12.0,11.0,10.0,42.0,95.0,94.0,41.0,13.0,16.0,25.0,31.0,28.0,20.0,0.0,0.0,0.0,0,0
2020-09-22,Paris,1849,322,77,1.5,0.6000000000000001,0.8999999999999999,3.0,high,Suresnes Sandwich,"29 Boulevard Henri Sellier, Suresnes","[0, 0, 0, 0, 0, 0, 0, 0, 0, 0, 0, 1, 86, 100, 7, 1, 1, 9, 16, 24, 30, 33, 32, 30]",0.0,0.0,0.0,0.0,0.0,0.0,0.0,0.0,0.0,0.0,0.0,1.0,86.0,100.0,7.0,1.0,1.0,9.0,16.0,24.0,30.0,33.0,32.0,30.0,1,0
2020-09-22,Paris,1849,322,77,1.5,0.6000000000000001,0.8999999999999999,3.0,high,A Ponte,"23 Boulevard Henri Sellier, Suresnes","[0, 0, 0, 0, 0, 0, 45, 48, 25, 26, 31, 42, 51, 53, 46, 35, 22, 12, 5, 2, 0, 0, 0, 0]",0.0,0.0,0.0,0.0,0.0,0.0,45.0,48.0,25.0,26.0,31.0,42.0,51.0,53.0,46.0,35.0,22.0,12.0,5.0,2.0,0.0,0.0,0.0,0.0,0,0
2020-09-22,Paris,1849,322,77,1.5,0.6000000000000001,0.8999999999999999,3.0,high,Franprix,"4 Rue Honoré d'Estienne d'Orves, Suresnes","[0, 0, 0, 0, 0, 0, 0, 0, 0, 20, 32, 43, 50, 49, 42, 32, 27, 41, 68, 70, 40, 0, 0, 0]",0.0,0.0,0.0,0.0,0.0,0.0,0.0,0.0,0.0,20.0,32.0,43.0,50.0,49.0,42.0,32.0,27.0,41.0,68.0,70.0,40.0,0.0,0.0,0.0,1,0
2020-09-22,Paris,1849,322,77,1.5,0.6000000000000001,0.8999999999999999,3.0,high,L'Ourika,"25 Rue de Verdun, Suresnes","[0, 0, 0, 0, 0, 0, 0, 0, 0, 0, 0, 0, 60, 56, 0, 0, 0, 0, 0, 29, 35, 37, 35, 0]",0.0,0.0,0.0,0.0,0.0,0.0,0.0,0.0,0.0,0.0,0.0,0.0,60.0,56.0,0.0,0.0,0.0,0.0,0.0,29.0,35.0,37.0,35.0,0.0,0,0
2020-09-22,Paris,1849,322,77,1.5,0.6000000000000001,0.8999999999999999,3.0,high,Sushi Shop,"26 Boulevard Henri Sellier, Suresnes","[0, 0, 0, 0, 0, 0, 0, 0, 0, 0, 0, 23, 32, 27, 14, 0, 0, 14, 28, 41, 43, 34, 21, 0]",0.0,0.0,0.0,0.0,0.0,0.0,0.0,0.0,0.0,0.0,0.0,23.0,32.0,27.0,14.0,0.0,0.0,14.0,28.0,41.0,43.0,34.0,21.0,0.0,0,0
2020-09-22,Paris,1849,322,77,1.5,0.6000000000000001,0.8999999999999999,3.0,high,L'oasis Café,"9 Rue Carnot, Suresnes","[0, 0, 0, 0, 0, 0, 0, 4, 20, 43, 44, 30, 30, 38, 41, 40, 33, 27, 23, 18, 15, 13, 0, 0]",0.0,0.0,0.0,0.0,0.0,0.0,0.0,4.0,20.0,43.0,44.0,30.0,30.0,38.0,41.0,40.0,33.0,27.0,23.0,18.0,15.0,13.0,0.0,0.0,0,1
2020-09-22,Paris,1849,322,77,1.5,0.6000000000000001,0.8999999999999999,3.0,high,Au Bureau Suresnes,"2 Boulevard Henri Sellier, Suresnes","[0, 0, 0, 0, 0, 0, 0, 0, 0, 0, 0, 0, 30, 28, 11, 7, 11, 20, 38, 61, 77, 74, 54, 29]",0.0,0.0,0.0,0.0,0.0,0.0,0.0,0.0,0.0,0.0,0.0,0.0,30.0,28.0,11.0,7.0,11.0,20.0,38.0,61.0,77.0,74.0,54.0,29.0,0,0
2020-09-22,Paris,1849,322,77,1.5,0.6000000000000001,0.8999999999999999,3.0,high,Yamato,"8 Rue Etienne Dolet, Suresnes","[0, 0, 0, 0, 0, 0, 0, 0, 0, 0, 0, 0, 49, 82, 65, 0, 0, 0, 0, 22, 41, 46, 31, 13]",0.0,0.0,0.0,0.0,0.0,0.0,0.0,0.0,0.0,0.0,0.0,0.0,49.0,82.0,65.0,0.0,0.0,0.0,0.0,22.0,41.0,46.0,31.0,13.0,0,1
2020-09-22,Paris,1849,322,77,1.5,0.6000000000000001,0.8999999999999999,3.0,high,STREET FOOD,"7 Rue des Bourets, Suresnes","[0, 0, 0, 0, 0, 0, 0, 0, 0, 0, 0, 13, 37, 57, 51, 25, 7, 1, 7, 19, 29, 27, 16, 5]",0.0,0.0,0.0,0.0,0.0,0.0,0.0,0.0,0.0,0.0,0.0,13.0,37.0,57.0,51.0,25.0,7.0,1.0,7.0,19.0,29.0,27.0,16.0,5.0,1,0
2020-09-22,Paris,1849,322,77,1.5,0.6000000000000001,0.8999999999999999,3.0,high,Chez Louise,"65 Rue Carnot, Suresnes","[0, 0, 0, 0, 0, 0, 0, 0, 0, 0, 0, 8, 75, 100, 18, 0, 0, 0, 0, 0, 0, 0, 0, 0]",0.0,0.0,0.0,0.0,0.0,0.0,0.0,0.0,0.0,0.0,0.0,8.0,75.0,100.0,18.0,0.0,0.0,0.0,0.0,0.0,0.0,0.0,0.0,0.0,1,1
2020-09-22,Paris,1849,322,77,1.5,0.6000000000000001,0.8999999999999999,3.0,high,Chez Pailine,"14 Rue Etienne Dolet, Suresnes","[0, 0, 0, 0, 0, 0, 0, 0, 0, 0, 0, 0, 61, 73, 40, 0, 0, 0, 0, 19, 32, 36, 30, 0]",0.0,0.0,0.0,0.0,0.0,0.0,0.0,0.0,0.0,0.0,0.0,0.0,61.0,73.0,40.0,0.0,0.0,0.0,0.0,19.0,32.0,36.0,30.0,0.0,0,1
2020-09-22,Paris,1849,322,77,1.5,0.6000000000000001,0.8999999999999999,3.0,high,Bistrot des Toqués.,"46 Rue Pasteur, Suresnes","[0, 0, 0, 0, 0, 0, 1, 11, 25, 22, 12, 29, 66, 70, 32, 4, 1, 12, 33, 52, 54, 39, 0, 0]",0.0,0.0,0.0,0.0,0.0,0.0,1.0,11.0,25.0,22.0,12.0,29.0,66.0,70.0,32.0,4.0,1.0,12.0,33.0,52.0,54.0,39.0,0.0,0.0,1,1
2020-09-22,Paris,1849,322,77,1.5,0.6000000000000001,0.8999999999999999,3.0,high,Chez Laurent,"55 Rue Pasteur, Suresnes","[0, 0, 0, 0, 0, 0, 0, 0, 0, 0, 15, 39, 53, 42, 20, 0, 0, 0, 0, 0, 0, 0, 0, 0]",0.0,0.0,0.0,0.0,0.0,0.0,0.0,0.0,0.0,0.0,15.0,39.0,53.0,42.0,20.0,0.0,0.0,0.0,0.0,0.0,0.0,0.0,0.0,0.0,1,0
2020-09-22,Paris,1849,322,77,1.5,0.6000000000000001,0.8999999999999999,3.0,high,Bishoku,"14 Rue Frédéric Clavel, Suresnes","[0, 0, 0, 0, 0, 0, 0, 0, 0, 0, 0, 10, 82, 81, 10, 0, 0, 0, 1, 8, 18, 13, 2, 0]",0.0,0.0,0.0,0.0,0.0,0.0,0.0,0.0,0.0,0.0,0.0,10.0,82.0,81.0,10.0,0.0,0.0,0.0,1.0,8.0,18.0,13.0,2.0,0.0,1,0
2020-09-22,Paris,1849,322,77,1.5,0.6000000000000001,0.8999999999999999,3.0,high,Le Relais Carnot,"76 Rue Carnot, Suresnes","[0, 0, 0, 0, 0, 0, 0, 2, 25, 2, 0, 11, 83, 41, 2, 0, 0, 2, 5, 2, 0, 0, 0, 0]",0.0,0.0,0.0,0.0,0.0,0.0,0.0,2.0,25.0,2.0,0.0,11.0,83.0,41.0,2.0,0.0,0.0,2.0,5.0,2.0,0.0,0.0,0.0,0.0,1,1
2020-09-22,Paris,1849,322,77,1.5,0.6000000000000001,0.8999999999999999,3.0,high,Sapori D'Italia,"36 Bis Rue de Verdun, Suresnes","[0, 0, 0, 0, 0, 0, 0, 0, 0, 0, 0, 0, 42, 49, 34, 0, 0, 0, 0, 24, 32, 29, 0, 0]",0.0,0.0,0.0,0.0,0.0,0.0,0.0,0.0,0.0,0.0,0.0,0.0,42.0,49.0,34.0,0.0,0.0,0.0,0.0,24.0,32.0,29.0,0.0,0.0,1,1
2020-09-22,Paris,1849,322,77,1.5,0.6000000000000001,0.8999999999999999,3.0,high,Le petit Prince,"52 Rue de Verdun, Suresnes","[0, 0, 0, 0, 0, 0, 0, 0, 0, 0, 0, 0, 0, 0, 0, 0, 0, 0, 0, 0, 0, 0, 0, 0]",0.0,0.0,0.0,0.0,0.0,0.0,0.0,0.0,0.0,0.0,0.0,0.0,0.0,0.0,0.0,0.0,0.0,0.0,0.0,0.0,0.0,0.0,0.0,0.0,1,0
2020-09-22,Paris,1849,322,77,1.5,0.6000000000000001,0.8999999999999999,3.0,high,Red Dragon.,"97 Rue de Verdun, Suresnes","[0, 0, 0, 0, 0, 0, 0, 0, 0, 10, 5, 8, 48, 70, 21, 2, 0, 0, 5, 8, 8, 0, 0, 0]",0.0,0.0,0.0,0.0,0.0,0.0,0.0,0.0,0.0,10.0,5.0,8.0,48.0,70.0,21.0,2.0,0.0,0.0,5.0,8.0,8.0,0.0,0.0,0.0,1,1
2020-09-22,Paris,1849,322,77,1.5,0.6000000000000001,0.8999999999999999,3.0,high,Village Suresnes,"40 Bis Rue de Verdun, Suresnes","[0, 0, 0, 0, 0, 0, 0, 0, 22, 23, 15, 13, 59, 89, 27, 16, 18, 18, 18, 16, 14, 11, 9, 7]",0.0,0.0,0.0,0.0,0.0,0.0,0.0,0.0,22.0,23.0,15.0,13.0,59.0,89.0,27.0,16.0,18.0,18.0,18.0,16.0,14.0,11.0,9.0,7.0,0,1
2020-09-22,Paris,1849,322,77,1.5,0.6000000000000001,0.8999999999999999,3.0,high,Osaka,"15 Rue du Bac, Suresnes","[0, 0, 0, 0, 0, 0, 0, 0, 0, 0, 0, 7, 31, 38, 13, 0, 0, 0, 0, 1, 10, 16, 8, 0]",0.0,0.0,0.0,0.0,0.0,0.0,0.0,0.0,0.0,0.0,0.0,7.0,31.0,38.0,13.0,0.0,0.0,0.0,0.0,1.0,10.0,16.0,8.0,0.0,0,0
2020-09-22,Paris,1849,322,77,1.5,0.6000000000000001,0.8999999999999999,3.0,high,Côté Sushi Suresnes,"3 Rue du Mont Valérien, Suresnes","[0, 0, 0, 0, 0, 0, 0, 0, 0, 0, 0, 40, 66, 74, 55, 0, 0, 0, 44, 81, 100, 83, 46, 0]",0.0,0.0,0.0,0.0,0.0,0.0,0.0,0.0,0.0,0.0,0.0,40.0,66.0,74.0,55.0,0.0,0.0,0.0,44.0,81.0,100.0,83.0,46.0,0.0,1,0
2020-09-22,Paris,1849,322,77,1.5,0.6000000000000001,0.8999999999999999,3.0,high,Les Fous de la Quille,"6 Rue Desbassayns de Richemont, Suresnes","[0, 0, 0, 0, 0, 0, 0, 0, 0, 0, 0, 28, 58, 60, 33, 11, 10, 22, 38, 52, 57, 52, 37, 21]",0.0,0.0,0.0,0.0,0.0,0.0,0.0,0.0,0.0,0.0,0.0,28.0,58.0,60.0,33.0,11.0,10.0,22.0,38.0,52.0,57.0,52.0,37.0,21.0,0,1
2020-09-22,Paris,1849,322,77,1.5,0.6000000000000001,0.8999999999999999,3.0,high,L'accoudoir,"49 Rue des Bourets, Suresnes","[0, 0, 0, 0, 0, 0, 0, 0, 0, 0, 25, 51, 79, 86, 69, 39, 19, 14, 22, 38, 52, 55, 42, 25]",0.0,0.0,0.0,0.0,0.0,0.0,0.0,0.0,0.0,0.0,25.0,51.0,79.0,86.0,69.0,39.0,19.0,14.0,22.0,38.0,52.0,55.0,42.0,25.0,1,0
2020-09-22,Paris,1849,322,77,1.5,0.6000000000000001,0.8999999999999999,3.0,high,In casa,"37 Rue Emile Zola, Suresnes","[0, 0, 0, 0, 0, 0, 0, 0, 0, 0, 0, 0, 73, 67, 6, 0, 0, 0, 0, 30, 47, 44, 26, 0]",0.0,0.0,0.0,0.0,0.0,0.0,0.0,0.0,0.0,0.0,0.0,0.0,73.0,67.0,6.0,0.0,0.0,0.0,0.0,30.0,47.0,44.0,26.0,0.0,0,0
2020-09-22,Paris,1849,322,77,1.5,0.6000000000000001,0.8999999999999999,3.0,high,Au Bonheur de Yang,"49 Rue des Bourets, Suresnes","[0, 0, 0, 0, 0, 0, 0, 0, 0, 0, 0, 8, 50, 84, 40, 8, 6, 10, 14, 16, 14, 10, 0, 0]",0.0,0.0,0.0,0.0,0.0,0.0,0.0,0.0,0.0,0.0,0.0,8.0,50.0,84.0,40.0,8.0,6.0,10.0,14.0,16.0,14.0,10.0,0.0,0.0,0,1
2020-09-22,Paris,1849,322,77,1.5,0.6000000000000001,0.8999999999999999,3.0,high,Bagelstein,"24 Rue des Bourets, Suresnes","[0, 0, 0, 0, 0, 0, 0, 0, 0, 0, 0, 11, 92, 96, 11, 7, 0, 0, 0, 0, 0, 0, 0, 0]",0.0,0.0,0.0,0.0,0.0,0.0,0.0,0.0,0.0,0.0,0.0,11.0,92.0,96.0,11.0,7.0,0.0,0.0,0.0,0.0,0.0,0.0,0.0,0.0,0,0
2020-09-22,Paris,1849,322,77,1.5,0.6000000000000001,0.8999999999999999,3.0,high,La Pizzeria da Pasqualino,"47 Rue des Bourets, Suresnes","[0, 0, 0, 0, 0, 0, 0, 0, 0, 0, 0, 0, 68, 51, 17, 0, 0, 0, 0, 15, 31, 34, 20, 0]",0.0,0.0,0.0,0.0,0.0,0.0,0.0,0.0,0.0,0.0,0.0,0.0,68.0,51.0,17.0,0.0,0.0,0.0,0.0,15.0,31.0,34.0,20.0,0.0,1,1
2020-09-22,Paris,1849,322,77,1.5,0.6000000000000001,0.8999999999999999,3.0,high,McDonald's,"1 Rue Berthelot, Suresnes","[0, 0, 0, 0, 0, 0, 0, 0, 0, 0, 0, 44, 62, 68, 60, 47, 38, 40, 50, 58, 57, 47, 31, 18]",0.0,0.0,0.0,0.0,0.0,0.0,0.0,0.0,0.0,0.0,0.0,44.0,62.0,68.0,60.0,47.0,38.0,40.0,50.0,58.0,57.0,47.0,31.0,18.0,0,1
2020-09-22,Paris,1849,322,77,1.5,0.6000000000000001,0.8999999999999999,3.0,high,Taj Mahal,"15 Rue du Mont Valérien, Suresnes","[0, 0, 0, 0, 0, 0, 0, 0, 0, 0, 0, 0, 28, 50, 40, 0, 0, 0, 2, 14, 34, 40, 22, 0]",0.0,0.0,0.0,0.0,0.0,0.0,0.0,0.0,0.0,0.0,0.0,0.0,28.0,50.0,40.0,0.0,0.0,0.0,2.0,14.0,34.0,40.0,22.0,0.0,0,0
2020-09-22,Paris,1849,322,77,1.5,0.6000000000000001,0.8999999999999999,3.0,high,Jardin D'Istanbul,"37-39 Rue Emile Zola, Suresnes","[0, 0, 0, 0, 0, 0, 0, 0, 0, 0, 0, 22, 87, 100, 33, 16, 13, 12, 10, 8, 5, 3, 0, 0]",0.0,0.0,0.0,0.0,0.0,0.0,0.0,0.0,0.0,0.0,0.0,22.0,87.0,100.0,33.0,16.0,13.0,12.0,10.0,8.0,5.0,3.0,0.0,0.0,1,1
2020-09-22,Paris,1849,322,77,1.5,0.6000000000000001,0.8999999999999999,3.0,high,Au Soir de Tokyo,"12 Place du Général Leclerc, Suresnes","[0, 0, 0, 0, 0, 0, 0, 0, 0, 0, 0, 0, 100, 89, 24, 0, 0, 0, 0, 5, 5, 3, 1, 0]",0.0,0.0,0.0,0.0,0.0,0.0,0.0,0.0,0.0,0.0,0.0,0.0,100.0,89.0,24.0,0.0,0.0,0.0,0.0,5.0,5.0,3.0,1.0,0.0,0,0
2020-09-22,Paris,1849,322,77,1.5,0.6000000000000001,0.8999999999999999,3.0,high,L'Atelier des Pains & Co,"34 Rue Emile Zola, Suresnes","[0, 0, 0, 0, 0, 0, 0, 24, 45, 48, 44, 48, 54, 56, 52, 44, 34, 24, 15, 8, 0, 0, 0, 0]",0.0,0.0,0.0,0.0,0.0,0.0,0.0,24.0,45.0,48.0,44.0,48.0,54.0,56.0,52.0,44.0,34.0,24.0,15.0,8.0,0.0,0.0,0.0,0.0,0,0
2020-09-22,Paris,1849,322,77,1.5,0.6000000000000001,0.8999999999999999,3.0,high,Sensimya,"27 Rue Ledru Rollin, Suresnes","[0, 0, 0, 0, 0, 0, 0, 0, 1, 2, 1, 5, 20, 24, 9, 2, 8, 23, 43, 56, 52, 35, 16, 4]",0.0,0.0,0.0,0.0,0.0,0.0,0.0,0.0,1.0,2.0,1.0,5.0,20.0,24.0,9.0,2.0,8.0,23.0,43.0,56.0,52.0,35.0,16.0,4.0,0,1
2020-09-22,Paris,1849,322,77,1.5,0.6000000000000001,0.8999999999999999,3.0,high,L'atelier Du Mezze,"35 Rue Emile Zola, Suresnes","[0, 0, 0, 0, 0, 0, 0, 0, 0, 0, 0, 22, 46, 55, 37, 31, 44, 20, 6, 33, 84, 100, 53, 0]",0.0,0.0,0.0,0.0,0.0,0.0,0.0,0.0,0.0,0.0,0.0,22.0,46.0,55.0,37.0,31.0,44.0,20.0,6.0,33.0,84.0,100.0,53.0,0.0,0,1
2020-09-22,Paris,1849,322,77,1.5,0.6000000000000001,0.8999999999999999,3.0,high,La Pizz suresnes,"3 Place Henri IV, Suresnes","[0, 0, 0, 0, 0, 0, 0, 0, 0, 0, 0, 15, 31, 36, 36, 26, 15, 52, 68, 47, 57, 57, 47, 31]",0.0,0.0,0.0,0.0,0.0,0.0,0.0,0.0,0.0,0.0,0.0,15.0,31.0,36.0,36.0,26.0,15.0,52.0,68.0,47.0,57.0,57.0,47.0,31.0,1,0
2020-09-22,Paris,1849,322,77,1.5,0.6000000000000001,0.8999999999999999,3.0,high,Pompon,"34 Rue de Verdun, Suresnes","[0, 0, 0, 0, 0, 0, 0, 0, 0, 0, 0, 0, 75, 96, 12, 1, 0, 5, 11, 18, 23, 23, 18, 11]",0.0,0.0,0.0,0.0,0.0,0.0,0.0,0.0,0.0,0.0,0.0,0.0,75.0,96.0,12.0,1.0,0.0,5.0,11.0,18.0,23.0,23.0,18.0,11.0,0,0
2020-09-22,Paris,1849,322,77,1.5,0.6000000000000001,0.8999999999999999,3.0,high,Basilic & Co,"11 Rue Edouard Nieuport, Suresnes","[0, 0, 0, 0, 0, 0, 0, 0, 0, 0, 0, 10, 45, 57, 0, 0, 0, 1, 10, 27, 39, 31, 0, 0]",0.0,0.0,0.0,0.0,0.0,0.0,0.0,0.0,0.0,0.0,0.0,10.0,45.0,57.0,0.0,0.0,0.0,1.0,10.0,27.0,39.0,31.0,0.0,0.0,1,1
2020-09-22,Paris,1849,322,77,1.5,0.6000000000000001,0.8999999999999999,3.0,high,Bistrot Macaille,"29 Quai Gallieni, Suresnes","[0, 0, 0, 0, 0, 0, 0, 0, 0, 0, 0, 0, 36, 46, 33, 12, 3, 8, 25, 48, 67, 68, 50, 0]",0.0,0.0,0.0,0.0,0.0,0.0,0.0,0.0,0.0,0.0,0.0,0.0,36.0,46.0,33.0,12.0,3.0,8.0,25.0,48.0,67.0,68.0,50.0,0.0,1,1
2020-09-22,Paris,1849,322,77,1.5,0.6000000000000001,0.8999999999999999,3.0,high,Franprix,"6 Rue Volta, Puteaux","[0, 0, 0, 0, 0, 0, 0, 0, 6, 20, 38, 55, 69, 76, 73, 63, 51, 48, 54, 49, 25, 0, 0, 0]",0.0,0.0,0.0,0.0,0.0,0.0,0.0,0.0,6.0,20.0,38.0,55.0,69.0,76.0,73.0,63.0,51.0,48.0,54.0,49.0,25.0,0.0,0.0,0.0,0,0
2020-09-22,Paris,1849,322,77,1.5,0.6000000000000001,0.8999999999999999,3.0,high,Carrefour Market,"103 Rue de Verdun, Suresnes","[0, 0, 0, 0, 0, 0, 0, 0, 20, 31, 42, 51, 55, 52, 44, 35, 37, 62, 88, 72, 31, 0, 0, 0]",0.0,0.0,0.0,0.0,0.0,0.0,0.0,0.0,20.0,31.0,42.0,51.0,55.0,52.0,44.0,35.0,37.0,62.0,88.0,72.0,31.0,0.0,0.0,0.0,1,1
2020-09-22,Paris,1849,322,77,1.5,0.6000000000000001,0.8999999999999999,3.0,high,L'Epinard,"13 Rue Salomon De Rothschild, Suresnes","[0, 0, 0, 0, 0, 0, 0, 1, 3, 2, 3, 15, 47, 79, 69, 33, 0, 0, 0, 0, 0, 0, 0, 0]",0.0,0.0,0.0,0.0,0.0,0.0,0.0,1.0,3.0,2.0,3.0,15.0,47.0,79.0,69.0,33.0,0.0,0.0,0.0,0.0,0.0,0.0,0.0,0.0,0,0
2020-09-22,Paris,1849,322,77,1.5,0.6000000000000001,0.8999999999999999,3.0,high,Restaurant Polonais Chez Martin,"123 Rue de Verdun, Suresnes","[0, 0, 0, 0, 0, 0, 0, 0, 2, 2, 3, 14, 46, 65, 39, 0, 0, 0, 0, 0, 0, 0, 0, 0]",0.0,0.0,0.0,0.0,0.0,0.0,0.0,0.0,2.0,2.0,3.0,14.0,46.0,65.0,39.0,0.0,0.0,0.0,0.0,0.0,0.0,0.0,0.0,0.0,1,0
2020-09-22,Paris,1849,322,77,1.5,0.6000000000000001,0.8999999999999999,3.0,high,Franprix,"137 Rue de Longchamp 135, Neuilly-sur-Seine","[0, 0, 0, 0, 0, 0, 0, 0, 0, 28, 41, 49, 50, 42, 31, 23, 28, 46, 59, 48, 0, 0, 0, 0]",0.0,0.0,0.0,0.0,0.0,0.0,0.0,0.0,0.0,28.0,41.0,49.0,50.0,42.0,31.0,23.0,28.0,46.0,59.0,48.0,0.0,0.0,0.0,0.0,0,1
2020-09-22,Paris,1849,322,77,1.5,0.6000000000000001,0.8999999999999999,3.0,high,O'Churrasco,"169 Rue de Verdun, Suresnes","[0, 0, 0, 0, 0, 0, 0, 0, 0, 0, 0, 0, 50, 37, 25, 0, 0, 0, 0, 50, 54, 41, 0, 0]",0.0,0.0,0.0,0.0,0.0,0.0,0.0,0.0,0.0,0.0,0.0,0.0,50.0,37.0,25.0,0.0,0.0,0.0,0.0,50.0,54.0,41.0,0.0,0.0,1,1
2020-09-22,Paris,1849,322,77,1.5,0.6000000000000001,0.8999999999999999,3.0,high,Et Toque ! Restaurant Suresnes,"7 Rue Emile Duclaux, Suresnes","[0, 0, 0, 0, 0, 0, 0, 0, 0, 0, 0, 0, 23, 32, 0, 0, 0, 0, 0, 14, 42, 45, 0, 0]",0.0,0.0,0.0,0.0,0.0,0.0,0.0,0.0,0.0,0.0,0.0,0.0,23.0,32.0,0.0,0.0,0.0,0.0,0.0,14.0,42.0,45.0,0.0,0.0,1,1
2020-09-22,Paris,1849,322,77,1.5,0.6000000000000001,0.8999999999999999,3.0,high,la pause verte bagatelle,"4 Route du Champ d'Entraînement, Paris","[0, 0, 0, 0, 0, 0, 0, 0, 0, 0, 11, 20, 27, 29, 27, 27, 25, 22, 16, 0, 0, 0, 0, 0]",0.0,0.0,0.0,0.0,0.0,0.0,0.0,0.0,0.0,0.0,11.0,20.0,27.0,29.0,27.0,27.0,25.0,22.0,16.0,0.0,0.0,0.0,0.0,0.0,0,0
2020-09-22,Paris,1849,322,77,1.5,0.6000000000000001,0.8999999999999999,3.0,high,Carrefour Express,"11 Rue Ernest Deloison, Neuilly-sur-Seine","[0, 0, 0, 0, 0, 0, 0, 13, 30, 53, 77, 85, 76, 59, 48, 52, 63, 67, 57, 39, 23, 0, 0, 0]",0.0,0.0,0.0,0.0,0.0,0.0,0.0,13.0,30.0,53.0,77.0,85.0,76.0,59.0,48.0,52.0,63.0,67.0,57.0,39.0,23.0,0.0,0.0,0.0,1,0
2020-09-22,Paris,1849,322,77,1.5,0.6000000000000001,0.8999999999999999,3.0,high,Carrefour Express,"8 Place de Bagatelle, Neuilly-sur-Seine","[0, 0, 0, 0, 0, 0, 0, 0, 85, 60, 35, 86, 88, 53, 50, 55, 58, 56, 51, 43, 33, 0, 0, 0]",0.0,0.0,0.0,0.0,0.0,0.0,0.0,0.0,85.0,60.0,35.0,86.0,88.0,53.0,50.0,55.0,58.0,56.0,51.0,43.0,33.0,0.0,0.0,0.0,1,0
2020-09-22,Paris,1849,322,77,1.5,0.6000000000000001,0.8999999999999999,3.0,high,SPLASH FOOD,"20 Rue des Bourets, Suresnes","[0, 0, 0, 0, 0, 0, 0, 0, 0, 0, 0, 18, 73, 62, 19, 15, 16, 17, 17, 15, 13, 11, 9, 6]",0.0,0.0,0.0,0.0,0.0,0.0,0.0,0.0,0.0,0.0,0.0,18.0,73.0,62.0,19.0,15.0,16.0,17.0,17.0,15.0,13.0,11.0,9.0,6.0,1,1
2020-09-22,Paris,1849,322,77,1.5,0.6000000000000001,0.8999999999999999,3.0,high,L'AngeVin,"2 Boulevard Richard Wallace, Puteaux","[0, 0, 0, 0, 0, 0, 0, 0, 0, 0, 0, 0, 42, 43, 23, 0, 0, 0, 14, 32, 46, 46, 32, 16]",0.0,0.0,0.0,0.0,0.0,0.0,0.0,0.0,0.0,0.0,0.0,0.0,42.0,43.0,23.0,0.0,0.0,0.0,14.0,32.0,46.0,46.0,32.0,16.0,0,0
2020-09-22,Paris,1849,322,77,1.5,0.6000000000000001,0.8999999999999999,3.0,high,Gastronomie Plancha,"30 Rue des Bourets, Suresnes","[0, 0, 0, 0, 0, 0, 0, 0, 0, 0, 0, 0, 85, 68, 0, 0, 0, 0, 0, 10, 16, 19, 14, 0]",0.0,0.0,0.0,0.0,0.0,0.0,0.0,0.0,0.0,0.0,0.0,0.0,85.0,68.0,0.0,0.0,0.0,0.0,0.0,10.0,16.0,19.0,14.0,0.0,1,0
2020-09-22,Paris,1849,322,77,1.5,0.6000000000000001,0.8999999999999999,3.0,high,O P'tit Resto,"5 Place du Général Leclerc, Suresnes","[0, 0, 0, 0, 0, 0, 0, 0, 0, 0, 8, 25, 42, 43, 26, 10, 5, 14, 33, 55, 67, 62, 40, 0]",0.0,0.0,0.0,0.0,0.0,0.0,0.0,0.0,0.0,0.0,8.0,25.0,42.0,43.0,26.0,10.0,5.0,14.0,33.0,55.0,67.0,62.0,40.0,0.0,0,1
2020-09-22,Paris,1849,322,77,1.5,0.6000000000000001,0.8999999999999999,3.0,high,Inter Caves Suresnes,"6 Place Henri IV, Suresnes","[0, 0, 0, 0, 0, 0, 0, 0, 0, 0, 0, 0, 0, 0, 0, 0, 31, 68, 100, 87, 0, 0, 0, 0]",0.0,0.0,0.0,0.0,0.0,0.0,0.0,0.0,0.0,0.0,0.0,0.0,0.0,0.0,0.0,0.0,31.0,68.0,100.0,87.0,0.0,0.0,0.0,0.0,0,1
2020-09-22,Paris,1849,322,77,1.5,0.6000000000000001,0.8999999999999999,3.0,high,L'Entrepôt Saint-Claude,"33 Rue des Bourets, Suresnes","[0, 0, 0, 0, 0, 0, 1, 5, 14, 20, 22, 29, 63, 80, 39, 10, 12, 23, 36, 43, 43, 35, 22, 10]",0.0,0.0,0.0,0.0,0.0,0.0,1.0,5.0,14.0,20.0,22.0,29.0,63.0,80.0,39.0,10.0,12.0,23.0,36.0,43.0,43.0,35.0,22.0,10.0,0,0
2020-09-22,Paris,1849,322,77,1.5,0.6000000000000001,0.8999999999999999,3.0,high,Royal Kashmir,"18 Rue Etienne Dolet, Suresnes","[0, 0, 0, 0, 0, 0, 0, 0, 0, 0, 0, 17, 46, 26, 2, 0, 0, 0, 21, 26, 21, 12, 2, 0]",0.0,0.0,0.0,0.0,0.0,0.0,0.0,0.0,0.0,0.0,0.0,17.0,46.0,26.0,2.0,0.0,0.0,0.0,21.0,26.0,21.0,12.0,2.0,0.0,0,1
2020-09-22,Hauts-de-Seine,1138,253,41,1.0,0.4,0.6,2.0,medium,La P'tite Marche,"1 Rue Jean Jaurès, Le Port-Marly","[0, 0, 0, 0, 0, 0, 0, 0, 0, 0, 0, 0, 26, 78, 0, 0, 0, 0, 0, 2, 2, 2, 0, 0]",0.0,0.0,0.0,0.0,0.0,0.0,0.0,0.0,0.0,0.0,0.0,0.0,26.0,78.0,0.0,0.0,0.0,0.0,0.0,2.0,2.0,2.0,0.0,0.0,1,0
2020-09-22,Hauts-de-Seine,1138,253,41,1.0,0.4,0.6,2.0,medium,Burger King du Pecq,"21 Avenue Charles de Gaulle, Le Pecq","[0, 0, 0, 0, 0, 0, 0, 0, 0, 0, 0, 29, 67, 84, 58, 24, 15, 24, 39, 49, 45, 32, 16, 0]",0.0,0.0,0.0,0.0,0.0,0.0,0.0,0.0,0.0,0.0,0.0,29.0,67.0,84.0,58.0,24.0,15.0,24.0,39.0,49.0,45.0,32.0,16.0,0.0,1,1
2020-09-22,Hauts-de-Seine,1138,253,41,1.0,0.4,0.6,2.0,medium,Le 78,"28 Route de Versailles, Louveciennes","[0, 0, 0, 0, 0, 0, 0, 0, 0, 0, 0, 0, 48, 68, 56, 25, 1, 1, 6, 35, 67, 68, 0, 0]",0.0,0.0,0.0,0.0,0.0,0.0,0.0,0.0,0.0,0.0,0.0,0.0,48.0,68.0,56.0,25.0,1.0,1.0,6.0,35.0,67.0,68.0,0.0,0.0,1,0
2020-09-22,Hauts-de-Seine,1138,253,41,1.0,0.4,0.6,2.0,medium,Restaurant L'Epicurien,"27 Rue de Paris, Le Port-Marly","[0, 0, 0, 0, 0, 0, 0, 0, 0, 0, 0, 0, 33, 41, 26, 0, 0, 0, 0, 24, 39, 40, 0, 0]",0.0,0.0,0.0,0.0,0.0,0.0,0.0,0.0,0.0,0.0,0.0,0.0,33.0,41.0,26.0,0.0,0.0,0.0,0.0,24.0,39.0,40.0,0.0,0.0,0,1
2020-09-22,Hauts-de-Seine,1138,253,41,1.0,0.4,0.6,2.0,medium,Le Bistrot Italien,"7 Rue de Paris, Le Port-Marly","[0, 0, 0, 0, 0, 0, 0, 0, 0, 0, 0, 27, 56, 69, 51, 0, 0, 0, 0, 45, 69, 51, 19, 0]",0.0,0.0,0.0,0.0,0.0,0.0,0.0,0.0,0.0,0.0,0.0,27.0,56.0,69.0,51.0,0.0,0.0,0.0,0.0,45.0,69.0,51.0,19.0,0.0,0,1
2020-09-22,Hauts-de-Seine,1138,253,41,1.0,0.4,0.6,2.0,medium,Planet Pizza Burger 78 Le Port-Marly,"14 Route de Versailles, Le Port-Marly","[0, 0, 0, 0, 0, 0, 0, 0, 0, 0, 0, 7, 65, 61, 7, 0, 0, 0, 42, 61, 65, 50, 26, 0]",0.0,0.0,0.0,0.0,0.0,0.0,0.0,0.0,0.0,0.0,0.0,7.0,65.0,61.0,7.0,0.0,0.0,0.0,42.0,61.0,65.0,50.0,26.0,0.0,0,1
2020-09-22,Hauts-de-Seine,1138,253,41,1.0,0.4,0.6,2.0,medium,Soleil Levant,"16 Avenue Simon Vouet, Le Port-Marly","[0, 0, 0, 0, 0, 0, 0, 0, 0, 0, 0, 18, 60, 86, 56, 0, 0, 0, 11, 26, 45, 52, 39, 0]",0.0,0.0,0.0,0.0,0.0,0.0,0.0,0.0,0.0,0.0,0.0,18.0,60.0,86.0,56.0,0.0,0.0,0.0,11.0,26.0,45.0,52.0,39.0,0.0,0,1
2020-09-22,Hauts-de-Seine,1138,253,41,1.0,0.4,0.6,2.0,medium,Restaurant La Parenthèse Verte,"5 Rue de la Princesse, Louveciennes","[0, 0, 0, 0, 0, 0, 0, 0, 0, 0, 0, 0, 52, 51, 32, 12, 0, 0, 0, 0, 0, 0, 0, 0]",0.0,0.0,0.0,0.0,0.0,0.0,0.0,0.0,0.0,0.0,0.0,0.0,52.0,51.0,32.0,12.0,0.0,0.0,0.0,0.0,0.0,0.0,0.0,0.0,1,0
2020-09-22,Hauts-de-Seine,1138,253,41,1.0,0.4,0.6,2.0,medium,Courtepaille,"13 Chemin de Prunay, Louveciennes","[0, 0, 0, 0, 0, 0, 0, 0, 0, 0, 0, 43, 62, 67, 55, 0, 0, 0, 24, 41, 52, 47, 0, 0]",0.0,0.0,0.0,0.0,0.0,0.0,0.0,0.0,0.0,0.0,0.0,43.0,62.0,67.0,55.0,0.0,0.0,0.0,24.0,41.0,52.0,47.0,0.0,0.0,1,1
2020-09-22,Hauts-de-Seine,1138,253,41,1.0,0.4,0.6,2.0,medium,Royal Port-Marly,"12 Rue de Paris, Le Port-Marly","[0, 0, 0, 0, 0, 0, 0, 0, 0, 0, 0, 0, 59, 55, 22, 0, 0, 0, 0, 20, 71, 58, 11, 0]",0.0,0.0,0.0,0.0,0.0,0.0,0.0,0.0,0.0,0.0,0.0,0.0,59.0,55.0,22.0,0.0,0.0,0.0,0.0,20.0,71.0,58.0,11.0,0.0,0,1
2020-09-22,Seine-Saint-Denis,1045,353,43,0.5,0.6000000000000001,0.8999999999999999,2.0,medium,LISA ROAST,"36 Rue des Augustins, Villeneuve-la-Garenne","[0, 0, 0, 0, 0, 0, 0, 0, 0, 0, 0, 0, 43, 40, 26, 0, 0, 0, 0, 10, 26, 40, 36, 0]",0.0,0.0,0.0,0.0,0.0,0.0,0.0,0.0,0.0,0.0,0.0,0.0,43.0,40.0,26.0,0.0,0.0,0.0,0.0,10.0,26.0,40.0,36.0,0.0,1,0
2020-09-22,Seine-Saint-Denis,1045,353,43,0.5,0.6000000000000001,0.8999999999999999,2.0,medium,La Pyramide,"209 Route de Saint-Leu, Épinay-sur-Seine","[0, 0, 0, 0, 0, 0, 0, 0, 0, 0, 0, 0, 66, 79, 23, 38, 33, 17, 15, 33, 64, 84, 79, 48]",0.0,0.0,0.0,0.0,0.0,0.0,0.0,0.0,0.0,0.0,0.0,0.0,66.0,79.0,23.0,38.0,33.0,17.0,15.0,33.0,64.0,84.0,79.0,48.0,1,1
2020-09-22,Seine-Saint-Denis,1045,353,43,0.5,0.6000000000000001,0.8999999999999999,2.0,medium,Carrefour City,"213 Boulevard Gallieni, Villeneuve-la-Garenne","[0, 0, 0, 0, 0, 0, 0, 10, 20, 33, 47, 59, 64, 61, 51, 42, 46, 70, 94, 87, 52, 19, 0, 0]",0.0,0.0,0.0,0.0,0.0,0.0,0.0,10.0,20.0,33.0,47.0,59.0,64.0,61.0,51.0,42.0,46.0,70.0,94.0,87.0,52.0,19.0,0.0,0.0,0,1
2020-09-22,Seine-Saint-Denis,1045,353,43,0.5,0.6000000000000001,0.8999999999999999,2.0,medium,Diffa Pizza,"5 Rue Gaston Appert, Villeneuve-la-Garenne","[0, 0, 0, 0, 0, 0, 0, 0, 0, 0, 0, 16, 18, 18, 0, 0, 0, 0, 50, 72, 66, 35, 4, 0]",0.0,0.0,0.0,0.0,0.0,0.0,0.0,0.0,0.0,0.0,0.0,16.0,18.0,18.0,0.0,0.0,0.0,0.0,50.0,72.0,66.0,35.0,4.0,0.0,1,1
2020-09-22,Seine-Saint-Denis,1045,353,43,0.5,0.6000000000000001,0.8999999999999999,2.0,medium,Sushi Hanaka,"4 Boulevard Gallieni, Villeneuve-la-Garenne","[0, 0, 0, 0, 0, 0, 0, 0, 0, 0, 0, 33, 61, 77, 69, 48, 36, 44, 62, 68, 53, 27, 7, 0]",0.0,0.0,0.0,0.0,0.0,0.0,0.0,0.0,0.0,0.0,0.0,33.0,61.0,77.0,69.0,48.0,36.0,44.0,62.0,68.0,53.0,27.0,7.0,0.0,0,1
2020-09-22,Seine-Saint-Denis,1045,353,43,0.5,0.6000000000000001,0.8999999999999999,2.0,medium,O’dins Burger,"209 Route de Saint-Leu, Épinay-sur-Seine","[0, 0, 0, 0, 0, 0, 0, 0, 0, 0, 0, 14, 29, 40, 44, 33, 18, 7, 0, 0, 51, 88, 7, 0]",0.0,0.0,0.0,0.0,0.0,0.0,0.0,0.0,0.0,0.0,0.0,14.0,29.0,40.0,44.0,33.0,18.0,7.0,0.0,0.0,51.0,88.0,7.0,0.0,0,0
2020-09-22,Seine-Saint-Denis,1045,353,43,0.5,0.6000000000000001,0.8999999999999999,2.0,medium,McDonald's,"206 Boulevard Gallieni, Villeneuve-la-Garenne","[0, 0, 0, 0, 0, 0, 0, 0, 0, 0, 0, 27, 65, 77, 51, 36, 44, 60, 70, 68, 54, 35, 0, 0]",0.0,0.0,0.0,0.0,0.0,0.0,0.0,0.0,0.0,0.0,0.0,27.0,65.0,77.0,51.0,36.0,44.0,60.0,70.0,68.0,54.0,35.0,0.0,0.0,1,0
2020-09-22,Seine-Saint-Denis,1045,353,43,0.5,0.6000000000000001,0.8999999999999999,2.0,medium,Aux 100 Kilos,"31 Avenue de Verdun, Villeneuve-la-Garenne","[0, 0, 0, 0, 0, 0, 0, 0, 0, 0, 0, 20, 34, 45, 47, 40, 29, 27, 34, 38, 31, 15, 6, 2]",0.0,0.0,0.0,0.0,0.0,0.0,0.0,0.0,0.0,0.0,0.0,20.0,34.0,45.0,47.0,40.0,29.0,27.0,34.0,38.0,31.0,15.0,6.0,2.0,0,1
2020-09-22,Seine-Saint-Denis,1045,353,43,0.5,0.6000000000000001,0.8999999999999999,2.0,medium,Les Bords de L'Eau,"44 Quai d'Asnières, Villeneuve-la-Garenne","[0, 0, 0, 0, 0, 0, 0, 0, 8, 10, 11, 17, 72, 78, 18, 11, 14, 19, 23, 27, 29, 28, 0, 0]",0.0,0.0,0.0,0.0,0.0,0.0,0.0,0.0,8.0,10.0,11.0,17.0,72.0,78.0,18.0,11.0,14.0,19.0,23.0,27.0,29.0,28.0,0.0,0.0,0,1
2020-09-22,Seine-Saint-Denis,1045,353,43,0.5,0.6000000000000001,0.8999999999999999,2.0,medium,G LA DALLE,"G LA DALLE, 36 Rue des Augustins, Villeneuve-la-Garenne","[0, 0, 0, 0, 0, 0, 0, 0, 0, 0, 0, 18, 38, 49, 43, 33, 28, 26, 26, 33, 46, 53, 43, 23]",0.0,0.0,0.0,0.0,0.0,0.0,0.0,0.0,0.0,0.0,0.0,18.0,38.0,49.0,43.0,33.0,28.0,26.0,26.0,33.0,46.0,53.0,43.0,23.0,1,1
2020-09-22,Seine-Saint-Denis,1045,353,43,0.5,0.6000000000000001,0.8999999999999999,2.0,medium,Andalouz Pizza,"122 Route de Saint-Leu, Villetaneuse","[0, 0, 0, 0, 0, 0, 0, 0, 0, 0, 0, 5, 23, 47, 0, 0, 0, 0, 10, 28, 52, 60, 47, 0]",0.0,0.0,0.0,0.0,0.0,0.0,0.0,0.0,0.0,0.0,0.0,5.0,23.0,47.0,0.0,0.0,0.0,0.0,10.0,28.0,52.0,60.0,47.0,0.0,0,0
2020-09-22,Seine-Saint-Denis,1045,353,43,0.5,0.6000000000000001,0.8999999999999999,2.0,medium,Baït Burger,"187 Route de Saint-Leu, Épinay-sur-Seine","[0, 0, 0, 0, 0, 0, 0, 0, 0, 0, 0, 12, 40, 69, 73, 50, 20, 8, 20, 46, 72, 77, 57, 27]",0.0,0.0,0.0,0.0,0.0,0.0,0.0,0.0,0.0,0.0,0.0,12.0,40.0,69.0,73.0,50.0,20.0,8.0,20.0,46.0,72.0,77.0,57.0,27.0,0,0
2020-09-22,Seine-Saint-Denis,1045,353,43,0.5,0.6000000000000001,0.8999999999999999,2.0,medium,Franprix,"1 Rue de Verdun, L'Île-Saint-Denis","[0, 0, 0, 0, 0, 0, 0, 0, 0, 3, 15, 29, 39, 39, 33, 30, 41, 65, 89, 93, 73, 41, 0, 0]",0.0,0.0,0.0,0.0,0.0,0.0,0.0,0.0,0.0,3.0,15.0,29.0,39.0,39.0,33.0,30.0,41.0,65.0,89.0,93.0,73.0,41.0,0.0,0.0,0,1
2020-09-22,Seine-Saint-Denis,1045,353,43,0.5,0.6000000000000001,0.8999999999999999,2.0,medium,Le Bel Avenir,"10 Place de la Libération, L'Île-Saint-Denis","[0, 0, 0, 0, 0, 0, 0, 0, 0, 0, 3, 26, 62, 49, 12, 0, 0, 0, 1, 1, 1, 1, 1, 0]",0.0,0.0,0.0,0.0,0.0,0.0,0.0,0.0,0.0,0.0,3.0,26.0,62.0,49.0,12.0,0.0,0.0,0.0,1.0,1.0,1.0,1.0,1.0,0.0,0,0
2020-09-22,Seine-Saint-Denis,1045,353,43,0.5,0.6000000000000001,0.8999999999999999,2.0,medium,Restaurant de l'Ile,"8 Rue Mechin, L'Île-Saint-Denis","[0, 0, 0, 0, 0, 0, 0, 0, 0, 0, 0, 43, 60, 69, 65, 52, 39, 30, 34, 39, 39, 0, 0, 0]",0.0,0.0,0.0,0.0,0.0,0.0,0.0,0.0,0.0,0.0,0.0,43.0,60.0,69.0,65.0,52.0,39.0,30.0,34.0,39.0,39.0,0.0,0.0,0.0,0,1
2020-09-22,Seine-Saint-Denis,1045,353,43,0.5,0.6000000000000001,0.8999999999999999,2.0,medium,Chicken Spot - L'Ile St Denis,"4 Rue Mechin, L'Île-Saint-Denis","[0, 0, 0, 0, 0, 0, 0, 0, 0, 0, 0, 36, 45, 50, 50, 50, 45, 40, 36, 36, 54, 59, 0, 0]",0.0,0.0,0.0,0.0,0.0,0.0,0.0,0.0,0.0,0.0,0.0,36.0,45.0,50.0,50.0,50.0,45.0,40.0,36.0,36.0,54.0,59.0,0.0,0.0,0,1
2020-09-22,Seine-Saint-Denis,1045,353,43,0.5,0.6000000000000001,0.8999999999999999,2.0,medium,Franprix,"46 bis Boulevard Foch, Épinay-sur-Seine","[0, 0, 0, 0, 0, 0, 0, 0, 12, 14, 15, 17, 17, 0, 0, 24, 47, 85, 100, 70, 29, 0, 0, 0]",0.0,0.0,0.0,0.0,0.0,0.0,0.0,0.0,12.0,14.0,15.0,17.0,17.0,0.0,0.0,24.0,47.0,85.0,100.0,70.0,29.0,0.0,0.0,0.0,0,1
2020-09-22,Seine-Saint-Denis,1045,353,43,0.5,0.6000000000000001,0.8999999999999999,2.0,medium,Le Grand Aigle,"265 Avenue de la République, Épinay-sur-Seine","[0, 0, 0, 0, 0, 0, 0, 0, 0, 0, 0, 0, 18, 24, 10, 0, 0, 0, 0, 12, 41, 45, 17, 0]",0.0,0.0,0.0,0.0,0.0,0.0,0.0,0.0,0.0,0.0,0.0,0.0,18.0,24.0,10.0,0.0,0.0,0.0,0.0,12.0,41.0,45.0,17.0,0.0,0,1
2020-09-22,Seine-Saint-Denis,1045,353,43,0.5,0.6000000000000001,0.8999999999999999,2.0,medium,Casa Padel,"103 Rue Charles Michels, Saint-Denis","[0, 0, 0, 0, 0, 0, 0, 0, 0, 0, 23, 38, 58, 67, 55, 36, 30, 42, 63, 80, 83, 69, 47, 0]",0.0,0.0,0.0,0.0,0.0,0.0,0.0,0.0,0.0,0.0,23.0,38.0,58.0,67.0,55.0,36.0,30.0,42.0,63.0,80.0,83.0,69.0,47.0,0.0,1,0
2020-09-22,Seine-Saint-Denis,1045,353,43,0.5,0.6000000000000001,0.8999999999999999,2.0,medium,Rayan Grill/Chicken Spot,"52 Route de Saint-Leu, Villetaneuse","[0, 0, 0, 0, 0, 0, 0, 0, 0, 0, 0, 13, 25, 40, 54, 60, 55, 43, 34, 38, 53, 69, 70, 55]",0.0,0.0,0.0,0.0,0.0,0.0,0.0,0.0,0.0,0.0,0.0,13.0,25.0,40.0,54.0,60.0,55.0,43.0,34.0,38.0,53.0,69.0,70.0,55.0,0,0
2020-09-22,Seine-Saint-Denis,1045,353,43,0.5,0.6000000000000001,0.8999999999999999,2.0,medium,The Bridge food,"1 Boulevard de la Libération, Saint-Denis","[0, 0, 0, 0, 0, 0, 0, 0, 0, 0, 0, 18, 18, 18, 25, 18, 18, 18, 18, 37, 62, 87, 87, 56]",0.0,0.0,0.0,0.0,0.0,0.0,0.0,0.0,0.0,0.0,0.0,18.0,18.0,18.0,25.0,18.0,18.0,18.0,18.0,37.0,62.0,87.0,87.0,56.0,1,0
2020-09-22,Seine-Saint-Denis,1045,353,43,0.5,0.6000000000000001,0.8999999999999999,2.0,medium,KFC Villetaneuse,"Parking d'AUCHAN, 195 Avenue Division Leclerc, Villetaneuse","[0, 0, 0, 0, 0, 0, 0, 0, 0, 0, 0, 58, 73, 77, 71, 61, 57, 62, 72, 77, 71, 54, 34, 0]",0.0,0.0,0.0,0.0,0.0,0.0,0.0,0.0,0.0,0.0,0.0,58.0,73.0,77.0,71.0,61.0,57.0,62.0,72.0,77.0,71.0,54.0,34.0,0.0,0,1
2020-09-22,Seine-Saint-Denis,1045,353,43,0.5,0.6000000000000001,0.8999999999999999,2.0,medium,ONE UP,"36 Rue du Port, Saint-Denis","[0, 0, 0, 0, 0, 0, 0, 0, 0, 0, 0, 37, 56, 64, 58, 45, 32, 26, 27, 31, 34, 33, 30, 0]",0.0,0.0,0.0,0.0,0.0,0.0,0.0,0.0,0.0,0.0,0.0,37.0,56.0,64.0,58.0,45.0,32.0,26.0,27.0,31.0,34.0,33.0,30.0,0.0,0,0
2020-09-22,Seine-Saint-Denis,1045,353,43,0.5,0.6000000000000001,0.8999999999999999,2.0,medium,Le Trio,"1 Rue Pablo Neruda, Villetaneuse","[0, 0, 0, 0, 0, 0, 0, 0, 0, 2, 9, 23, 42, 59, 66, 69, 69, 71, 69, 64, 50, 35, 0, 0]",0.0,0.0,0.0,0.0,0.0,0.0,0.0,0.0,0.0,2.0,9.0,23.0,42.0,59.0,66.0,69.0,69.0,71.0,69.0,64.0,50.0,35.0,0.0,0.0,1,1
2020-09-22,Seine-Saint-Denis,1045,353,43,0.5,0.6000000000000001,0.8999999999999999,2.0,medium,BOULANGERIE ANGE,"Centre commercial bienvenu, 8 Route de Saint-Leu, Villetaneuse","[0, 0, 0, 0, 0, 0, 0, 24, 48, 75, 95, 100, 88, 68, 54, 52, 59, 63, 54, 36, 18, 0, 0, 0]",0.0,0.0,0.0,0.0,0.0,0.0,0.0,24.0,48.0,75.0,95.0,100.0,88.0,68.0,54.0,52.0,59.0,63.0,54.0,36.0,18.0,0.0,0.0,0.0,1,0
2020-09-22,Seine-Saint-Denis,1045,353,43,0.5,0.6000000000000001,0.8999999999999999,2.0,medium,K'ribbean Paradise,"32 Rue Paul Eluard, Saint-Denis","[0, 0, 0, 0, 0, 0, 0, 0, 0, 0, 0, 0, 28, 56, 78, 79, 61, 42, 36, 43, 52, 50, 36, 0]",0.0,0.0,0.0,0.0,0.0,0.0,0.0,0.0,0.0,0.0,0.0,0.0,28.0,56.0,78.0,79.0,61.0,42.0,36.0,43.0,52.0,50.0,36.0,0.0,0,1
2020-09-22,Seine-Saint-Denis,1045,353,43,0.5,0.6000000000000001,0.8999999999999999,2.0,medium,Afrik'N'Fusion - Restaurant Africain Villetaneuse,"8 Route de Saint-Leu, Villetaneuse","[0, 0, 0, 0, 0, 0, 0, 0, 0, 0, 0, 50, 69, 77, 72, 63, 63, 71, 80, 77, 61, 39, 19, 0]",0.0,0.0,0.0,0.0,0.0,0.0,0.0,0.0,0.0,0.0,0.0,50.0,69.0,77.0,72.0,63.0,63.0,71.0,80.0,77.0,61.0,39.0,19.0,0.0,1,0
2020-09-22,Seine-Saint-Denis,1045,353,43,0.5,0.6000000000000001,0.8999999999999999,2.0,medium,Coté Canal,"56 Rue Ambroise Croizat, Saint-Denis","[0, 0, 0, 0, 0, 0, 2, 16, 10, 1, 1, 4, 39, 60, 39, 16, 11, 15, 18, 20, 20, 18, 15, 9]",0.0,0.0,0.0,0.0,0.0,0.0,2.0,16.0,10.0,1.0,1.0,4.0,39.0,60.0,39.0,16.0,11.0,15.0,18.0,20.0,20.0,18.0,15.0,9.0,0,0
2020-09-22,Seine-Saint-Denis,1045,353,43,0.5,0.6000000000000001,0.8999999999999999,2.0,medium,Franprix,"82 Boulevard Marcel Sembat, Saint-Denis","[0, 0, 0, 0, 0, 0, 0, 0, 0, 7, 15, 23, 30, 33, 30, 25, 43, 92, 100, 43, 0, 0, 0, 0]",0.0,0.0,0.0,0.0,0.0,0.0,0.0,0.0,0.0,7.0,15.0,23.0,30.0,33.0,30.0,25.0,43.0,92.0,100.0,43.0,0.0,0.0,0.0,0.0,0,1
2020-09-22,Seine-Saint-Denis,1045,353,43,0.5,0.6000000000000001,0.8999999999999999,2.0,medium,Chicken Spot,"31 Rue Auguste Delaune, Saint-Denis","[0, 0, 0, 0, 0, 0, 0, 0, 0, 0, 0, 7, 32, 51, 48, 46, 62, 75, 68, 43, 21, 9, 3, 1]",0.0,0.0,0.0,0.0,0.0,0.0,0.0,0.0,0.0,0.0,0.0,7.0,32.0,51.0,48.0,46.0,62.0,75.0,68.0,43.0,21.0,9.0,3.0,1.0,0,1
2020-09-22,Seine-Saint-Denis,1045,353,43,0.5,0.6000000000000001,0.8999999999999999,2.0,medium,Cuisto braise,"41 Boulevard Marcel Sembat, Saint-Denis","[0, 0, 0, 0, 0, 0, 0, 0, 0, 0, 0, 0, 7, 19, 19, 0, 0, 0, 0, 30, 57, 42, 11, 0]",0.0,0.0,0.0,0.0,0.0,0.0,0.0,0.0,0.0,0.0,0.0,0.0,7.0,19.0,19.0,0.0,0.0,0.0,0.0,30.0,57.0,42.0,11.0,0.0,1,0
2020-09-22,Seine-Saint-Denis,1045,353,43,0.5,0.6000000000000001,0.8999999999999999,2.0,medium,L'Ivoire Gourmand,"1 Quai du Port, Saint-Denis","[0, 0, 0, 0, 0, 0, 0, 0, 0, 0, 0, 0, 31, 39, 39, 35, 35, 43, 60, 75, 82, 73, 54, 32]",0.0,0.0,0.0,0.0,0.0,0.0,0.0,0.0,0.0,0.0,0.0,0.0,31.0,39.0,39.0,35.0,35.0,43.0,60.0,75.0,82.0,73.0,54.0,32.0,0,1
2020-09-22,Seine-Saint-Denis,1045,353,43,0.5,0.6000000000000001,0.8999999999999999,2.0,medium,Escale Beauté,"25 Rue Auguste Delaune, Saint-Denis","[0, 0, 0, 0, 0, 0, 0, 0, 0, 0, 6, 28, 53, 40, 28, 40, 53, 46, 28, 0, 0, 0, 0, 0]",0.0,0.0,0.0,0.0,0.0,0.0,0.0,0.0,0.0,0.0,6.0,28.0,53.0,40.0,28.0,40.0,53.0,46.0,28.0,0.0,0.0,0.0,0.0,0.0,0,0
2020-09-22,Seine-Saint-Denis,1045,353,43,0.5,0.6000000000000001,0.8999999999999999,2.0,medium,Le Delice de la Casbah,"27 Rue Auguste Delaune, Saint-Denis","[0, 0, 0, 0, 0, 0, 0, 0, 0, 35, 64, 53, 38, 49, 67, 80, 83, 72, 55, 36, 21, 11, 6, 0]",0.0,0.0,0.0,0.0,0.0,0.0,0.0,0.0,0.0,35.0,64.0,53.0,38.0,49.0,67.0,80.0,83.0,72.0,55.0,36.0,21.0,11.0,6.0,0.0,1,1
2020-09-22,Seine-Saint-Denis,1045,353,43,0.5,0.6000000000000001,0.8999999999999999,2.0,medium,Restaurant MG18,"18 Rue Brise Echalas, Saint-Denis","[0, 0, 0, 0, 0, 0, 0, 0, 0, 0, 0, 0, 12, 14, 5, 10, 21, 34, 40, 41, 47, 50, 36, 14]",0.0,0.0,0.0,0.0,0.0,0.0,0.0,0.0,0.0,0.0,0.0,0.0,12.0,14.0,5.0,10.0,21.0,34.0,40.0,41.0,47.0,50.0,36.0,14.0,1,0
2020-09-22,Seine-Saint-Denis,1045,353,43,0.5,0.6000000000000001,0.8999999999999999,2.0,medium,OB Fast-food,"21 Rue Auguste Delaune, Saint-Denis","[0, 0, 0, 0, 0, 0, 0, 0, 0, 0, 0, 14, 52, 79, 50, 44, 52, 55, 52, 44, 32, 20, 11, 0]",0.0,0.0,0.0,0.0,0.0,0.0,0.0,0.0,0.0,0.0,0.0,14.0,52.0,79.0,50.0,44.0,52.0,55.0,52.0,44.0,32.0,20.0,11.0,0.0,0,0
2020-09-22,Seine-Saint-Denis,1045,353,43,0.5,0.6000000000000001,0.8999999999999999,2.0,medium,Tropik Foods,"14 Boulevard Jules Guesde, Saint-Denis","[0, 0, 0, 0, 0, 0, 0, 0, 10, 21, 32, 46, 53, 50, 42, 32, 25, 35, 60, 85, 92, 71, 39, 17]",0.0,0.0,0.0,0.0,0.0,0.0,0.0,0.0,10.0,21.0,32.0,46.0,53.0,50.0,42.0,32.0,25.0,35.0,60.0,85.0,92.0,71.0,39.0,17.0,0,0
2020-09-22,Seine-Saint-Denis,1045,353,43,0.5,0.6000000000000001,0.8999999999999999,2.0,medium,Pizzeria Rialto,"28 Rue Catulienne, Saint-Denis","[0, 0, 0, 0, 0, 0, 0, 0, 0, 0, 5, 23, 62, 86, 59, 0, 0, 0, 23, 37, 42, 32, 18, 0]",0.0,0.0,0.0,0.0,0.0,0.0,0.0,0.0,0.0,0.0,5.0,23.0,62.0,86.0,59.0,0.0,0.0,0.0,23.0,37.0,42.0,32.0,18.0,0.0,1,0
2020-09-22,Seine-Saint-Denis,1045,353,43,0.5,0.6000000000000001,0.8999999999999999,2.0,medium,Le Coq Hardi,"1 Rue Ernest Renan, Saint-Denis","[0, 0, 0, 0, 0, 0, 13, 30, 47, 52, 46, 50, 67, 80, 77, 66, 61, 66, 73, 76, 72, 62, 0, 0]",0.0,0.0,0.0,0.0,0.0,0.0,13.0,30.0,47.0,52.0,46.0,50.0,67.0,80.0,77.0,66.0,61.0,66.0,73.0,76.0,72.0,62.0,0.0,0.0,1,1
2020-09-22,Seine-Saint-Denis,1045,353,43,0.5,0.6000000000000001,0.8999999999999999,2.0,medium,Chez Rayan,"33 bis Boulevard Jules Guesde, Saint-Denis","[22, 0, 0, 0, 0, 0, 0, 0, 0, 0, 0, 13, 25, 42, 57, 65, 61, 48, 35, 38, 67, 97, 84, 44]",22.0,0.0,0.0,0.0,0.0,0.0,0.0,0.0,0.0,0.0,0.0,13.0,25.0,42.0,57.0,65.0,61.0,48.0,35.0,38.0,67.0,97.0,84.0,44.0,1,0
2020-09-22,Seine-Saint-Denis,1045,353,43,0.5,0.6000000000000001,0.8999999999999999,2.0,medium,pizza Salam,"7 Rue Gaston Philippe, Saint-Denis","[43, 27, 0, 0, 0, 0, 0, 0, 0, 0, 0, 0, 41, 64, 58, 37, 31, 41, 60, 77, 85, 81, 66, 47]",43.0,27.0,0.0,0.0,0.0,0.0,0.0,0.0,0.0,0.0,0.0,0.0,41.0,64.0,58.0,37.0,31.0,41.0,60.0,77.0,85.0,81.0,66.0,47.0,1,0
2020-09-22,Seine-Saint-Denis,1045,353,43,0.5,0.6000000000000001,0.8999999999999999,2.0,medium,Franprix,"38-40 Rue Auguste Poullain, Saint-Denis","[0, 0, 0, 0, 0, 0, 0, 0, 10, 16, 22, 27, 31, 33, 33, 33, 35, 45, 58, 55, 32, 11, 0, 0]",0.0,0.0,0.0,0.0,0.0,0.0,0.0,0.0,10.0,16.0,22.0,27.0,31.0,33.0,33.0,33.0,35.0,45.0,58.0,55.0,32.0,11.0,0.0,0.0,0,1
2020-09-22,Seine-Saint-Denis,1045,353,43,0.5,0.6000000000000001,0.8999999999999999,2.0,medium,Saint Denis Pain Chaud,"3 Avenue du Colonel Fabien, Saint-Denis","[0, 0, 0, 0, 0, 0, 0, 6, 14, 28, 44, 52, 52, 48, 44, 48, 54, 60, 56, 0, 0, 0, 0, 0]",0.0,0.0,0.0,0.0,0.0,0.0,0.0,6.0,14.0,28.0,44.0,52.0,52.0,48.0,44.0,48.0,54.0,60.0,56.0,0.0,0.0,0.0,0.0,0.0,0,1
2020-09-22,Seine-Saint-Denis,1045,353,43,0.5,0.6000000000000001,0.8999999999999999,2.0,medium,Franprix,"34 Rue de la République, Saint-Denis","[0, 0, 0, 0, 0, 0, 0, 0, 7, 15, 24, 34, 40, 41, 36, 30, 32, 54, 73, 53, 18, 0, 0, 0]",0.0,0.0,0.0,0.0,0.0,0.0,0.0,0.0,7.0,15.0,24.0,34.0,40.0,41.0,36.0,30.0,32.0,54.0,73.0,53.0,18.0,0.0,0.0,0.0,1,0
2020-09-22,Seine-Saint-Denis,1045,353,43,0.5,0.6000000000000001,0.8999999999999999,2.0,medium,KFC,"29 Rue de la République, Saint-Denis","[0, 0, 0, 0, 0, 0, 0, 0, 0, 0, 12, 31, 57, 73, 67, 52, 48, 57, 65, 61, 45, 26, 12, 0]",0.0,0.0,0.0,0.0,0.0,0.0,0.0,0.0,0.0,0.0,12.0,31.0,57.0,73.0,67.0,52.0,48.0,57.0,65.0,61.0,45.0,26.0,12.0,0.0,1,0
2020-09-22,Seine-Saint-Denis,1045,353,43,0.5,0.6000000000000001,0.8999999999999999,2.0,medium,Chez Suzanne,"3 Rue Fontaine, Saint-Denis","[0, 0, 0, 0, 0, 0, 0, 0, 0, 0, 0, 6, 15, 33, 54, 63, 57, 39, 24, 27, 45, 45, 0, 0]",0.0,0.0,0.0,0.0,0.0,0.0,0.0,0.0,0.0,0.0,0.0,6.0,15.0,33.0,54.0,63.0,57.0,39.0,24.0,27.0,45.0,45.0,0.0,0.0,0,1
2020-09-22,Seine-Saint-Denis,1045,353,43,0.5,0.6000000000000001,0.8999999999999999,2.0,medium,Panda Restaurant Chinois Buffet,"112 Avenue Lénine, Pierrefitte-sur-Seine","[0, 0, 0, 0, 0, 0, 0, 0, 0, 0, 0, 0, 0, 0, 0, 0, 0, 0, 0, 0, 0, 0, 0, 0]",0.0,0.0,0.0,0.0,0.0,0.0,0.0,0.0,0.0,0.0,0.0,0.0,0.0,0.0,0.0,0.0,0.0,0.0,0.0,0.0,0.0,0.0,0.0,0.0,1,1
2020-09-22,Seine-Saint-Denis,1045,353,43,0.5,0.6000000000000001,0.8999999999999999,2.0,medium,Brasserie Tabac Le Week-End,"81 Rue de la République, Saint-Denis","[0, 0, 0, 0, 0, 0, 0, 20, 48, 53, 55, 79, 100, 95, 67, 37, 30, 46, 53, 32, 0, 0, 0, 0]",0.0,0.0,0.0,0.0,0.0,0.0,0.0,20.0,48.0,53.0,55.0,79.0,100.0,95.0,67.0,37.0,30.0,46.0,53.0,32.0,0.0,0.0,0.0,0.0,1,1
2020-09-22,Seine-Saint-Denis,1045,353,43,0.5,0.6000000000000001,0.8999999999999999,2.0,medium,Amnagor Halal Sarl,"26 Rue du 19 Mars 1962, Saint-Denis","[0, 0, 0, 0, 0, 0, 0, 0, 1, 10, 21, 35, 46, 55, 60, 63, 68, 75, 78, 73, 56, 33, 0, 0]",0.0,0.0,0.0,0.0,0.0,0.0,0.0,0.0,1.0,10.0,21.0,35.0,46.0,55.0,60.0,63.0,68.0,75.0,78.0,73.0,56.0,33.0,0.0,0.0,1,0
2020-09-22,Seine-Saint-Denis,1045,353,43,0.5,0.6000000000000001,0.8999999999999999,2.0,medium,Royal antep,"11 Rue de la Charronnerie, Saint-Denis","[0, 0, 0, 0, 0, 0, 0, 0, 0, 0, 0, 40, 54, 63, 63, 50, 36, 31, 36, 40, 45, 40, 31, 27]",0.0,0.0,0.0,0.0,0.0,0.0,0.0,0.0,0.0,0.0,0.0,40.0,54.0,63.0,63.0,50.0,36.0,31.0,36.0,40.0,45.0,40.0,31.0,27.0,0,0
2020-09-22,Seine-Saint-Denis,1045,353,43,0.5,0.6000000000000001,0.8999999999999999,2.0,medium,At Homes,"6 Rue Gaston Philippe, Saint-Denis","[0, 0, 0, 0, 0, 0, 0, 0, 0, 0, 0, 12, 82, 100, 21, 0, 0, 0, 8, 40, 82, 68, 23, 0]",0.0,0.0,0.0,0.0,0.0,0.0,0.0,0.0,0.0,0.0,0.0,12.0,82.0,100.0,21.0,0.0,0.0,0.0,8.0,40.0,82.0,68.0,23.0,0.0,0,1
2020-09-22,Seine-Saint-Denis,1045,353,43,0.5,0.6000000000000001,0.8999999999999999,2.0,medium,CHICKEN'S KING (ST-DENIS),"7 Rue de la Charronnerie, Saint-Denis","[0, 0, 0, 0, 0, 0, 0, 0, 0, 0, 0, 31, 51, 54, 47, 46, 54, 64, 70, 70, 64, 52, 40, 0]",0.0,0.0,0.0,0.0,0.0,0.0,0.0,0.0,0.0,0.0,0.0,31.0,51.0,54.0,47.0,46.0,54.0,64.0,70.0,70.0,64.0,52.0,40.0,0.0,1,0
2020-09-22,Seine-Saint-Denis,1045,353,43,0.5,0.6000000000000001,0.8999999999999999,2.0,medium,Le Terminus de Saint-Denis chez moustache,"2 Rue Gaston Philippe, Saint-Denis","[0, 0, 0, 0, 0, 0, 0, 0, 15, 30, 47, 64, 75, 73, 63, 47, 36, 35, 42, 46, 39, 0, 0, 0]",0.0,0.0,0.0,0.0,0.0,0.0,0.0,0.0,15.0,30.0,47.0,64.0,75.0,73.0,63.0,47.0,36.0,35.0,42.0,46.0,39.0,0.0,0.0,0.0,1,1
2020-09-22,Seine-Saint-Denis,1045,353,43,0.5,0.6000000000000001,0.8999999999999999,2.0,medium,Restauration Rapide La Baraka Sur Place & Temporter,"46 Boulevard Jules Guesde, Saint-Denis","[0, 0, 0, 0, 0, 0, 0, 0, 0, 0, 0, 0, 27, 65, 69, 79, 74, 76, 83, 72, 45, 20, 6, 0]",0.0,0.0,0.0,0.0,0.0,0.0,0.0,0.0,0.0,0.0,0.0,0.0,27.0,65.0,69.0,79.0,74.0,76.0,83.0,72.0,45.0,20.0,6.0,0.0,0,1
2020-09-22,Seine-Saint-Denis,1045,353,43,0.5,0.6000000000000001,0.8999999999999999,2.0,medium,Franprix,"20 Boulevard Carnot, Saint-Denis","[0, 0, 0, 0, 0, 0, 0, 0, 0, 21, 30, 38, 42, 41, 36, 34, 48, 81, 92, 58, 0, 0, 0, 0]",0.0,0.0,0.0,0.0,0.0,0.0,0.0,0.0,0.0,21.0,30.0,38.0,42.0,41.0,36.0,34.0,48.0,81.0,92.0,58.0,0.0,0.0,0.0,0.0,1,0
2020-09-22,Seine-Saint-Denis,1045,353,43,0.5,0.6000000000000001,0.8999999999999999,2.0,medium,Domino's Pizza Saint-Denis,"23 Boulevard Carnot, Saint-Denis","[0, 0, 0, 0, 0, 0, 0, 0, 0, 0, 0, 13, 28, 40, 29, 0, 0, 0, 34, 52, 61, 58, 43, 0]",0.0,0.0,0.0,0.0,0.0,0.0,0.0,0.0,0.0,0.0,0.0,13.0,28.0,40.0,29.0,0.0,0.0,0.0,34.0,52.0,61.0,58.0,43.0,0.0,1,0
2020-09-22,Seine-Saint-Denis,1045,353,43,0.5,0.6000000000000001,0.8999999999999999,2.0,medium,The Grill House Restaurant,"8 Rue Auguste Gillot, Saint-Denis","[0, 0, 0, 0, 0, 0, 0, 0, 0, 0, 0, 0, 24, 35, 31, 0, 0, 0, 0, 24, 34, 40, 38, 31]",0.0,0.0,0.0,0.0,0.0,0.0,0.0,0.0,0.0,0.0,0.0,0.0,24.0,35.0,31.0,0.0,0.0,0.0,0.0,24.0,34.0,40.0,38.0,31.0,0,0
2020-09-22,Seine-Saint-Denis,1045,353,43,0.5,0.6000000000000001,0.8999999999999999,2.0,medium,Friends Cosy Corner Restaurant Saint-Denis,"13 bis Boulevard Carnot, Saint-Denis","[0, 0, 0, 0, 0, 0, 0, 0, 0, 0, 0, 29, 62, 77, 63, 48, 53, 71, 86, 86, 70, 47, 23, 0]",0.0,0.0,0.0,0.0,0.0,0.0,0.0,0.0,0.0,0.0,0.0,29.0,62.0,77.0,63.0,48.0,53.0,71.0,86.0,86.0,70.0,47.0,23.0,0.0,0,1
2020-09-22,Seine-Saint-Denis,1045,353,43,0.5,0.6000000000000001,0.8999999999999999,2.0,medium,Cafétéria de l'IUT de Saint-Denis,"Place du 8 Mai 1945, Saint-Denis","[0, 0, 0, 0, 0, 0, 0, 0, 45, 85, 88, 73, 70, 72, 65, 49, 0, 0, 0, 0, 0, 0, 0, 0]",0.0,0.0,0.0,0.0,0.0,0.0,0.0,0.0,45.0,85.0,88.0,73.0,70.0,72.0,65.0,49.0,0.0,0.0,0.0,0.0,0.0,0.0,0.0,0.0,0,0
2020-09-22,Seine-Saint-Denis,1045,353,43,0.5,0.6000000000000001,0.8999999999999999,2.0,medium,Restaurant Bosphore,"5 Boulevard Carnot, Saint-Denis","[0, 0, 0, 0, 0, 0, 0, 0, 0, 0, 0, 16, 36, 56, 65, 55, 35, 18, 16, 30, 43, 40, 21, 5]",0.0,0.0,0.0,0.0,0.0,0.0,0.0,0.0,0.0,0.0,0.0,16.0,36.0,56.0,65.0,55.0,35.0,18.0,16.0,30.0,43.0,40.0,21.0,5.0,0,1
2020-09-22,Seine-Saint-Denis,1045,353,43,0.5,0.6000000000000001,0.8999999999999999,2.0,medium,Hippopotamus Steakhouse,"4 Rue Gabriel Péri, Saint-Denis","[0, 0, 0, 0, 0, 0, 0, 0, 0, 0, 0, 37, 82, 91, 53, 0, 0, 0, 18, 35, 46, 41, 26, 0]",0.0,0.0,0.0,0.0,0.0,0.0,0.0,0.0,0.0,0.0,0.0,37.0,82.0,91.0,53.0,0.0,0.0,0.0,18.0,35.0,46.0,41.0,26.0,0.0,1,1
2020-09-22,Seine-Saint-Denis,1045,353,43,0.5,0.6000000000000001,0.8999999999999999,2.0,medium,Time Square,"30 Boulevard Marcel Sembat, Saint-Denis","[0, 0, 0, 0, 0, 0, 0, 0, 0, 0, 0, 22, 31, 35, 34, 29, 25, 29, 47, 74, 96, 100, 79, 47]",0.0,0.0,0.0,0.0,0.0,0.0,0.0,0.0,0.0,0.0,0.0,22.0,31.0,35.0,34.0,29.0,25.0,29.0,47.0,74.0,96.0,100.0,79.0,47.0,0,0
2020-09-22,Seine-Saint-Denis,1045,353,43,0.5,0.6000000000000001,0.8999999999999999,2.0,medium,Bistrot des artistes,"20 Boulevard Marcel Sembat, Saint-Denis","[0, 0, 0, 0, 0, 0, 0, 0, 3, 0, 12, 18, 18, 18, 12, 9, 12, 18, 34, 46, 53, 43, 28, 15]",0.0,0.0,0.0,0.0,0.0,0.0,0.0,0.0,3.0,0.0,12.0,18.0,18.0,18.0,12.0,9.0,12.0,18.0,34.0,46.0,53.0,43.0,28.0,15.0,0,1
2020-09-22,Seine-Saint-Denis,1045,353,43,0.5,0.6000000000000001,0.8999999999999999,2.0,medium,Abc Tacos,"04 Rue Désiré Lelay, Saint-Denis","[0, 0, 0, 0, 0, 0, 0, 0, 0, 0, 0, 0, 2, 2, 2, 0, 0, 0, 19, 45, 66, 57, 28, 0]",0.0,0.0,0.0,0.0,0.0,0.0,0.0,0.0,0.0,0.0,0.0,0.0,2.0,2.0,2.0,0.0,0.0,0.0,19.0,45.0,66.0,57.0,28.0,0.0,1,0
2020-09-22,Seine-Saint-Denis,1045,353,43,0.5,0.6000000000000001,0.8999999999999999,2.0,medium,Gout Tropical,"3 Rue du 4 Septembre, Saint-Denis","[0, 0, 0, 0, 0, 0, 0, 0, 0, 0, 0, 1, 8, 17, 26, 33, 35, 33, 32, 46, 73, 81, 53, 19]",0.0,0.0,0.0,0.0,0.0,0.0,0.0,0.0,0.0,0.0,0.0,1.0,8.0,17.0,26.0,33.0,35.0,33.0,32.0,46.0,73.0,81.0,53.0,19.0,1,0
2020-09-22,Seine-Saint-Denis,1045,353,43,0.5,0.6000000000000001,0.8999999999999999,2.0,medium,O KARTIER,"3 Boulevard Marcel Sembat, Saint-Denis","[52, 26, 0, 0, 0, 0, 0, 0, 0, 0, 0, 43, 54, 26, 47, 77, 66, 37, 32, 43, 54, 60, 60, 50]",52.0,26.0,0.0,0.0,0.0,0.0,0.0,0.0,0.0,0.0,0.0,43.0,54.0,26.0,47.0,77.0,66.0,37.0,32.0,43.0,54.0,60.0,60.0,50.0,0,1
2020-09-22,Seine-Saint-Denis,1045,353,43,0.5,0.6000000000000001,0.8999999999999999,2.0,medium,NAWAB/On FAIT TA CRÊPE SAINT DENIS,"4 Boulevard Marcel Sembat, Saint-Denis","[53, 44, 29, 0, 0, 0, 0, 0, 0, 0, 0, 15, 27, 37, 38, 33, 31, 34, 41, 48, 52, 53, 57, 74]",53.0,44.0,29.0,0.0,0.0,0.0,0.0,0.0,0.0,0.0,0.0,15.0,27.0,37.0,38.0,33.0,31.0,34.0,41.0,48.0,52.0,53.0,57.0,74.0,1,0
2020-09-22,Seine-Saint-Denis,1045,353,43,0.5,0.6000000000000001,0.8999999999999999,2.0,medium,Paris Bangla Curry House,"27 Rue Gabriel Péri Ou, 1 Place de la Résistance et de la Déportation, Saint-Denis","[0, 0, 0, 0, 0, 0, 0, 0, 0, 0, 0, 23, 45, 57, 45, 25, 15, 16, 28, 42, 53, 51, 41, 0]",0.0,0.0,0.0,0.0,0.0,0.0,0.0,0.0,0.0,0.0,0.0,23.0,45.0,57.0,45.0,25.0,15.0,16.0,28.0,42.0,53.0,51.0,41.0,0.0,0,0
2020-09-22,Seine-Saint-Denis,1045,353,43,0.5,0.6000000000000001,0.8999999999999999,2.0,medium,Buff hallal,"3bis Rue Gabriel Péri, Saint-Denis","[39, 23, 0, 0, 0, 0, 0, 0, 0, 0, 0, 16, 22, 25, 25, 24, 26, 35, 48, 58, 62, 60, 56, 49]",39.0,23.0,0.0,0.0,0.0,0.0,0.0,0.0,0.0,0.0,0.0,16.0,22.0,25.0,25.0,24.0,26.0,35.0,48.0,58.0,62.0,60.0,56.0,49.0,1,1
2020-09-22,Seine-Saint-Denis,1045,353,43,0.5,0.6000000000000001,0.8999999999999999,2.0,medium,Crep'way Porte de paris,"9 Rue Gabriel Péri, Saint-Denis","[43, 13, 0, 0, 0, 0, 0, 0, 0, 0, 0, 13, 13, 13, 17, 17, 17, 17, 13, 13, 13, 17, 34, 78]",43.0,13.0,0.0,0.0,0.0,0.0,0.0,0.0,0.0,0.0,0.0,13.0,13.0,13.0,17.0,17.0,17.0,17.0,13.0,13.0,13.0,17.0,34.0,78.0,1,1
2020-09-22,Seine-Saint-Denis,1045,353,43,0.5,0.6000000000000001,0.8999999999999999,2.0,medium,Big Time Saint-Denis,"41 Rue Gabriel Péri, Saint-Denis","[0, 0, 0, 0, 0, 0, 0, 0, 0, 0, 0, 13, 25, 40, 51, 53, 44, 35, 37, 58, 88, 100, 77, 41]",0.0,0.0,0.0,0.0,0.0,0.0,0.0,0.0,0.0,0.0,0.0,13.0,25.0,40.0,51.0,53.0,44.0,35.0,37.0,58.0,88.0,100.0,77.0,41.0,1,0
2020-09-22,Seine-Saint-Denis,1045,353,43,0.5,0.6000000000000001,0.8999999999999999,2.0,medium,CHICKEN STREET,"14 Avenue Roger Semat, Saint-Denis","[50, 37, 0, 0, 0, 0, 0, 0, 0, 0, 0, 26, 34, 37, 37, 35, 33, 37, 47, 58, 64, 64, 59, 54]",50.0,37.0,0.0,0.0,0.0,0.0,0.0,0.0,0.0,0.0,0.0,26.0,34.0,37.0,37.0,35.0,33.0,37.0,47.0,58.0,64.0,64.0,59.0,54.0,1,1
2020-09-22,Seine-Saint-Denis,1045,353,43,0.5,0.6000000000000001,0.8999999999999999,2.0,medium,La Casbah,"1 Rue Lanne, Saint-Denis","[0, 0, 0, 0, 0, 0, 0, 0, 0, 0, 0, 13, 49, 73, 62, 28, 3, 1, 11, 28, 45, 50, 43, 26]",0.0,0.0,0.0,0.0,0.0,0.0,0.0,0.0,0.0,0.0,0.0,13.0,49.0,73.0,62.0,28.0,3.0,1.0,11.0,28.0,45.0,50.0,43.0,26.0,0,0
2020-09-22,Seine-Saint-Denis,1045,353,43,0.5,0.6000000000000001,0.8999999999999999,2.0,medium,Happy Days Food,"43 Rue Gabriel Péri, Saint-Denis","[0, 0, 0, 0, 0, 0, 0, 0, 0, 0, 0, 11, 23, 29, 35, 41, 41, 41, 41, 35, 35, 35, 29, 23]",0.0,0.0,0.0,0.0,0.0,0.0,0.0,0.0,0.0,0.0,0.0,11.0,23.0,29.0,35.0,41.0,41.0,41.0,41.0,35.0,35.0,35.0,29.0,23.0,0,0
2020-09-22,Seine-Saint-Denis,1045,353,43,0.5,0.6000000000000001,0.8999999999999999,2.0,medium,Chicken Grill,"67 Rue Gabriel Péri, Saint-Denis","[0, 0, 0, 0, 0, 0, 0, 0, 0, 0, 0, 0, 32, 56, 60, 40, 28, 48, 88, 100, 72, 40, 20, 0]",0.0,0.0,0.0,0.0,0.0,0.0,0.0,0.0,0.0,0.0,0.0,0.0,32.0,56.0,60.0,40.0,28.0,48.0,88.0,100.0,72.0,40.0,20.0,0.0,0,1
2020-09-22,Seine-Saint-Denis,1045,353,43,0.5,0.6000000000000001,0.8999999999999999,2.0,medium,Restaurant Olympia,"51 Rue de la Légion d'Honneur, Saint-Denis","[0, 0, 0, 0, 0, 0, 0, 0, 0, 0, 0, 0, 70, 100, 33, 3, 0, 0, 3, 10, 16, 16, 10, 3]",0.0,0.0,0.0,0.0,0.0,0.0,0.0,0.0,0.0,0.0,0.0,0.0,70.0,100.0,33.0,3.0,0.0,0.0,3.0,10.0,16.0,16.0,10.0,3.0,0,1
2020-09-22,Seine-Saint-Denis,1045,353,43,0.5,0.6000000000000001,0.8999999999999999,2.0,medium,"L 'Escargot Restaurant, Brasserie","6 Rue Gabriel Péri, Saint-Denis","[0, 0, 0, 0, 0, 0, 4, 7, 9, 8, 5, 7, 53, 100, 33, 8, 12, 18, 23, 26, 25, 21, 14, 0]",0.0,0.0,0.0,0.0,0.0,0.0,4.0,7.0,9.0,8.0,5.0,7.0,53.0,100.0,33.0,8.0,12.0,18.0,23.0,26.0,25.0,21.0,14.0,0.0,1,0
2020-09-22,Seine-Saint-Denis,1045,353,43,0.5,0.6000000000000001,0.8999999999999999,2.0,medium,Le Casa Nova,France,"[0, 0, 0, 0, 0, 0, 0, 0, 0, 0, 0, 0, 36, 60, 30, 0, 0, 0, 0, 36, 54, 51, 30, 0]",0.0,0.0,0.0,0.0,0.0,0.0,0.0,0.0,0.0,0.0,0.0,0.0,36.0,60.0,30.0,0.0,0.0,0.0,0.0,36.0,54.0,51.0,30.0,0.0,0,0
2020-09-22,Seine-Saint-Denis,1045,353,43,0.5,0.6000000000000001,0.8999999999999999,2.0,medium,Le new burger,"15 Avenue Roger Semat, Saint-Denis","[44, 33, 0, 0, 0, 0, 0, 0, 0, 0, 0, 25, 27, 30, 33, 37, 44, 59, 70, 72, 68, 69, 73, 68]",44.0,33.0,0.0,0.0,0.0,0.0,0.0,0.0,0.0,0.0,0.0,25.0,27.0,30.0,33.0,37.0,44.0,59.0,70.0,72.0,68.0,69.0,73.0,68.0,1,1
2020-09-22,Seine-Saint-Denis,1045,353,43,0.5,0.6000000000000001,0.8999999999999999,2.0,medium,McDonald's,"2 Boulevard Félix Faure, Saint-Denis","[0, 0, 0, 0, 0, 0, 0, 0, 0, 0, 22, 45, 68, 78, 71, 57, 51, 56, 65, 66, 57, 41, 24, 0]",0.0,0.0,0.0,0.0,0.0,0.0,0.0,0.0,0.0,0.0,22.0,45.0,68.0,78.0,71.0,57.0,51.0,56.0,65.0,66.0,57.0,41.0,24.0,0.0,1,1
2020-09-22,Seine-Saint-Denis,1045,353,43,0.5,0.6000000000000001,0.8999999999999999,2.0,medium,Paye Ta Crêpe Saint-Denis,"4 Boulevard Félix Faure, Saint-Denis","[0, 0, 0, 0, 0, 0, 0, 0, 0, 0, 0, 13, 50, 70, 56, 55, 68, 76, 76, 66, 50, 31, 16, 5]",0.0,0.0,0.0,0.0,0.0,0.0,0.0,0.0,0.0,0.0,0.0,13.0,50.0,70.0,56.0,55.0,68.0,76.0,76.0,66.0,50.0,31.0,16.0,5.0,0,0
2020-09-22,Seine-Saint-Denis,1045,353,43,0.5,0.6000000000000001,0.8999999999999999,2.0,medium,Au Roi du Marché,"1 Cour des Arbalétriers, Saint-Denis","[0, 0, 0, 0, 0, 0, 0, 0, 3, 6, 12, 25, 41, 58, 67, 70, 64, 61, 61, 67, 64, 58, 0, 0]",0.0,0.0,0.0,0.0,0.0,0.0,0.0,0.0,3.0,6.0,12.0,25.0,41.0,58.0,67.0,70.0,64.0,61.0,61.0,67.0,64.0,58.0,0.0,0.0,0,0
2020-09-22,Seine-Saint-Denis,1045,353,43,0.5,0.6000000000000001,0.8999999999999999,2.0,medium,La muraille,"125 Rue Gabriel Péri, Saint-Denis","[0, 0, 0, 0, 0, 0, 0, 0, 0, 0, 5, 25, 58, 72, 50, 33, 30, 0, 8, 38, 5, 0, 0, 0]",0.0,0.0,0.0,0.0,0.0,0.0,0.0,0.0,0.0,0.0,5.0,25.0,58.0,72.0,50.0,33.0,30.0,0.0,8.0,38.0,5.0,0.0,0.0,0.0,0,0
2020-09-22,Seine-Saint-Denis,1045,353,43,0.5,0.6000000000000001,0.8999999999999999,2.0,medium,Urban Food,"5 Rue Jean Jaurès, Saint-Denis","[0, 0, 0, 0, 0, 0, 0, 0, 0, 0, 0, 53, 100, 100, 46, 30, 15, 7, 15, 30, 0, 15, 0, 0]",0.0,0.0,0.0,0.0,0.0,0.0,0.0,0.0,0.0,0.0,0.0,53.0,100.0,100.0,46.0,30.0,15.0,7.0,15.0,30.0,0.0,15.0,0.0,0.0,0,1
2020-09-22,Seine-Saint-Denis,1045,353,43,0.5,0.6000000000000001,0.8999999999999999,2.0,medium,Au Sushi & wok,"Restaurant Au Sushi & Wok, 129 Bis Rue Gabriel Péri, Saint-Denis","[0, 0, 0, 0, 0, 0, 0, 0, 0, 0, 0, 10, 39, 53, 32, 0, 0, 0, 12, 23, 60, 87, 37, 0]",0.0,0.0,0.0,0.0,0.0,0.0,0.0,0.0,0.0,0.0,0.0,10.0,39.0,53.0,32.0,0.0,0.0,0.0,12.0,23.0,60.0,87.0,37.0,0.0,0,1
2020-09-22,Seine-Saint-Denis,1045,353,43,0.5,0.6000000000000001,0.8999999999999999,2.0,medium,Franprix,"130 Rue Gabriel Péri, Saint-Denis","[0, 0, 0, 0, 0, 0, 0, 0, 16, 29, 44, 58, 68, 71, 67, 61, 65, 81, 87, 67, 0, 0, 0, 0]",0.0,0.0,0.0,0.0,0.0,0.0,0.0,0.0,16.0,29.0,44.0,58.0,68.0,71.0,67.0,61.0,65.0,81.0,87.0,67.0,0.0,0.0,0.0,0.0,0,1
2020-09-22,Seine-Saint-Denis,1045,353,43,0.5,0.6000000000000001,0.8999999999999999,2.0,medium,O'corner,"133 Rue Gabriel Péri, Saint-Denis","[0, 0, 0, 0, 0, 0, 0, 0, 0, 0, 0, 37, 56, 62, 56, 47, 43, 50, 60, 68, 68, 58, 41, 27]",0.0,0.0,0.0,0.0,0.0,0.0,0.0,0.0,0.0,0.0,0.0,37.0,56.0,62.0,56.0,47.0,43.0,50.0,60.0,68.0,68.0,58.0,41.0,27.0,0,1
2020-09-22,Seine-Saint-Denis,1045,353,43,0.5,0.6000000000000001,0.8999999999999999,2.0,medium,Chicken Spot,"135bis Rue Gabriel Péri, Saint-Denis","[10, 9, 0, 0, 0, 0, 0, 0, 0, 0, 0, 21, 36, 45, 42, 33, 34, 50, 69, 75, 62, 37, 16, 4]",10.0,9.0,0.0,0.0,0.0,0.0,0.0,0.0,0.0,0.0,0.0,21.0,36.0,45.0,42.0,33.0,34.0,50.0,69.0,75.0,62.0,37.0,16.0,4.0,0,1
2020-09-22,Seine-Saint-Denis,1045,353,43,0.5,0.6000000000000001,0.8999999999999999,2.0,medium,O'CUISTO 93,"72 Rue Danielle Casanova, Saint-Denis","[100, 71, 42, 28, 0, 0, 0, 0, 0, 0, 0, 0, 0, 0, 0, 0, 0, 0, 0, 0, 0, 0, 0, 0]",100.0,71.0,42.0,28.0,0.0,0.0,0.0,0.0,0.0,0.0,0.0,0.0,0.0,0.0,0.0,0.0,0.0,0.0,0.0,0.0,0.0,0.0,0.0,0.0,0,1
2020-09-22,Seine-Saint-Denis,1045,353,43,0.5,0.6000000000000001,0.8999999999999999,2.0,medium,Restaurant le 129,"129bis Rue Gabriel Péri, Saint-Denis","[0, 0, 0, 0, 0, 0, 0, 0, 0, 0, 0, 23, 44, 66, 77, 72, 60, 53, 59, 71, 78, 71, 52, 0]",0.0,0.0,0.0,0.0,0.0,0.0,0.0,0.0,0.0,0.0,0.0,23.0,44.0,66.0,77.0,72.0,60.0,53.0,59.0,71.0,78.0,71.0,52.0,0.0,1,0
2020-09-22,Seine-Saint-Denis,1045,353,43,0.5,0.6000000000000001,0.8999999999999999,2.0,medium,BALKAN GRILL,"134 Rue Gabriel Péri, Saint-Denis","[0, 0, 0, 0, 0, 0, 0, 0, 0, 0, 0, 54, 68, 64, 48, 31, 30, 46, 68, 78, 68, 44, 0, 0]",0.0,0.0,0.0,0.0,0.0,0.0,0.0,0.0,0.0,0.0,0.0,54.0,68.0,64.0,48.0,31.0,30.0,46.0,68.0,78.0,68.0,44.0,0.0,0.0,1,1
2020-09-22,Seine-Saint-Denis,1045,353,43,0.5,0.6000000000000001,0.8999999999999999,2.0,medium,O'Five Pizza,"147 Rue Gabriel Péri, Saint-Denis","[0, 0, 0, 0, 0, 0, 0, 0, 0, 0, 0, 4, 23, 39, 26, 0, 0, 0, 16, 43, 66, 64, 38, 12]",0.0,0.0,0.0,0.0,0.0,0.0,0.0,0.0,0.0,0.0,0.0,4.0,23.0,39.0,26.0,0.0,0.0,0.0,16.0,43.0,66.0,64.0,38.0,12.0,1,0
2020-09-22,Seine-Saint-Denis,1045,353,43,0.5,0.6000000000000001,0.8999999999999999,2.0,medium,PIZZA NOSTRA,"136 Rue Gabriel Péri, Saint-Denis","[0, 0, 0, 0, 0, 0, 0, 0, 0, 0, 0, 15, 34, 50, 52, 43, 40, 52, 70, 81, 79, 63, 40, 22]",0.0,0.0,0.0,0.0,0.0,0.0,0.0,0.0,0.0,0.0,0.0,15.0,34.0,50.0,52.0,43.0,40.0,52.0,70.0,81.0,79.0,63.0,40.0,22.0,1,1
2020-09-22,Seine-Saint-Denis,1045,353,43,0.5,0.6000000000000001,0.8999999999999999,2.0,medium,CHEZ NOUS grillades,"24 Rue Gabriel Péri, Saint-Denis","[0, 0, 0, 0, 0, 0, 0, 0, 0, 0, 0, 23, 52, 52, 41, 29, 35, 41, 41, 35, 35, 23, 17, 0]",0.0,0.0,0.0,0.0,0.0,0.0,0.0,0.0,0.0,0.0,0.0,23.0,52.0,52.0,41.0,29.0,35.0,41.0,41.0,35.0,35.0,23.0,17.0,0.0,0,0
2020-09-22,Seine-Saint-Denis,1045,353,43,0.5,0.6000000000000001,0.8999999999999999,2.0,medium,Cezam Saint Denis,"1 Avenue du Colonel Fabien, Saint-Denis","[0, 0, 0, 0, 0, 0, 0, 0, 0, 0, 0, 18, 59, 100, 84, 44, 27, 25, 26, 27, 45, 80, 74, 30]",0.0,0.0,0.0,0.0,0.0,0.0,0.0,0.0,0.0,0.0,0.0,18.0,59.0,100.0,84.0,44.0,27.0,25.0,26.0,27.0,45.0,80.0,74.0,30.0,0,1
2020-09-22,Seine-Saint-Denis,1045,353,43,0.5,0.6000000000000001,0.8999999999999999,2.0,medium,O'Grand Breton,"18 Rue de la Légion d'Honneur, Saint-Denis","[0, 0, 0, 0, 0, 0, 0, 0, 4, 12, 28, 45, 51, 40, 0, 0, 0, 0, 0, 0, 0, 0, 0, 0]",0.0,0.0,0.0,0.0,0.0,0.0,0.0,0.0,4.0,12.0,28.0,45.0,51.0,40.0,0.0,0.0,0.0,0.0,0.0,0.0,0.0,0.0,0.0,0.0,1,1
2020-09-22,Seine-Saint-Denis,1045,353,43,0.5,0.6000000000000001,0.8999999999999999,2.0,medium,Chez Rochette,"20 Rue Gabriel Péri, Saint-Denis","[0, 0, 0, 0, 0, 0, 0, 0, 0, 0, 0, 0, 25, 44, 30, 0, 0, 0, 0, 0, 0, 0, 0, 0]",0.0,0.0,0.0,0.0,0.0,0.0,0.0,0.0,0.0,0.0,0.0,0.0,25.0,44.0,30.0,0.0,0.0,0.0,0.0,0.0,0.0,0.0,0.0,0.0,1,1
2020-09-22,Seine-Saint-Denis,1045,353,43,0.5,0.6000000000000001,0.8999999999999999,2.0,medium,Little Burger,"27 Rue de la Légion d'Honneur, Saint-Denis","[1, 0, 0, 0, 0, 0, 0, 0, 0, 0, 0, 1, 12, 21, 24, 24, 23, 28, 42, 57, 67, 66, 52, 33]",1.0,0.0,0.0,0.0,0.0,0.0,0.0,0.0,0.0,0.0,0.0,1.0,12.0,21.0,24.0,24.0,23.0,28.0,42.0,57.0,67.0,66.0,52.0,33.0,0,1
2020-09-22,Seine-Saint-Denis,1045,353,43,0.5,0.6000000000000001,0.8999999999999999,2.0,medium,Péri Gril House,"10 Rue Gabriel Péri, Saint-Denis","[0, 0, 0, 0, 0, 0, 0, 0, 0, 0, 0, 40, 50, 59, 59, 59, 59, 50, 45, 36, 27, 18, 18, 0]",0.0,0.0,0.0,0.0,0.0,0.0,0.0,0.0,0.0,0.0,0.0,40.0,50.0,59.0,59.0,59.0,59.0,50.0,45.0,36.0,27.0,18.0,18.0,0.0,0,0
2020-09-22,Seine-Saint-Denis,1045,353,43,0.5,0.6000000000000001,0.8999999999999999,2.0,medium,La Bigoudène Café,"11 Allée des 6 Chapelles, Saint-Denis","[0, 0, 0, 0, 0, 0, 0, 0, 0, 33, 61, 50, 27, 38, 55, 38, 16, 0, 0, 0, 0, 0, 0, 0]",0.0,0.0,0.0,0.0,0.0,0.0,0.0,0.0,0.0,33.0,61.0,50.0,27.0,38.0,55.0,38.0,16.0,0.0,0.0,0.0,0.0,0.0,0.0,0.0,1,0
2020-09-22,Seine-Saint-Denis,1045,353,43,0.5,0.6000000000000001,0.8999999999999999,2.0,medium,Five Star Pizza,"25 Rue Nungesser et Coli, Pierrefitte-sur-Seine","[0, 0, 0, 0, 0, 0, 0, 0, 0, 0, 0, 10, 30, 42, 25, 7, 0, 5, 15, 35, 52, 52, 35, 0]",0.0,0.0,0.0,0.0,0.0,0.0,0.0,0.0,0.0,0.0,0.0,10.0,30.0,42.0,25.0,7.0,0.0,5.0,15.0,35.0,52.0,52.0,35.0,0.0,1,1
2020-09-22,Seine-Saint-Denis,1045,353,43,0.5,0.6000000000000001,0.8999999999999999,2.0,medium,PAUL,"3 Rue Jean Jaurès Ilot 8 Lot 34 Centre Commercial St Denis Basilique, Saint-Denis","[0, 0, 0, 0, 0, 0, 0, 12, 25, 25, 0, 25, 25, 62, 100, 50, 25, 37, 50, 50, 0, 0, 0, 0]",0.0,0.0,0.0,0.0,0.0,0.0,0.0,12.0,25.0,25.0,0.0,25.0,25.0,62.0,100.0,50.0,25.0,37.0,50.0,50.0,0.0,0.0,0.0,0.0,1,0
2020-09-22,Seine-Saint-Denis,1045,353,43,0.5,0.6000000000000001,0.8999999999999999,2.0,medium,Osaka,"39 Rue Jean Jaurès, Saint-Denis","[0, 0, 0, 0, 0, 0, 0, 0, 0, 0, 0, 2, 82, 100, 2, 0, 0, 0, 11, 24, 22, 11, 4, 0]",0.0,0.0,0.0,0.0,0.0,0.0,0.0,0.0,0.0,0.0,0.0,2.0,82.0,100.0,2.0,0.0,0.0,0.0,11.0,24.0,22.0,11.0,4.0,0.0,0,0
2020-09-22,Seine-Saint-Denis,1045,353,43,0.5,0.6000000000000001,0.8999999999999999,2.0,medium,Restaurant Timgad,"62 Rue Gabriel Péri, Saint-Denis","[0, 0, 0, 0, 0, 0, 0, 0, 0, 0, 0, 12, 35, 57, 51, 31, 37, 55, 38, 27, 37, 31, 14, 3]",0.0,0.0,0.0,0.0,0.0,0.0,0.0,0.0,0.0,0.0,0.0,12.0,35.0,57.0,51.0,31.0,37.0,55.0,38.0,27.0,37.0,31.0,14.0,3.0,0,0
2020-09-22,Seine-Saint-Denis,1045,353,43,0.5,0.6000000000000001,0.8999999999999999,2.0,medium,Le Mets du Roy,"4 Rue de la Boulangerie, Saint-Denis","[0, 0, 0, 0, 0, 0, 0, 0, 27, 36, 48, 63, 78, 90, 90, 81, 63, 48, 48, 66, 90, 81, 45, 0]",0.0,0.0,0.0,0.0,0.0,0.0,0.0,0.0,27.0,36.0,48.0,63.0,78.0,90.0,90.0,81.0,63.0,48.0,48.0,66.0,90.0,81.0,45.0,0.0,0,0
2020-09-22,Seine-Saint-Denis,1045,353,43,0.5,0.6000000000000001,0.8999999999999999,2.0,medium,Les Arts,"6 Rue de la Boulangerie, Saint-Denis","[0, 0, 0, 0, 0, 0, 0, 0, 0, 0, 0, 0, 21, 35, 34, 24, 23, 36, 57, 74, 79, 68, 47, 25]",0.0,0.0,0.0,0.0,0.0,0.0,0.0,0.0,0.0,0.0,0.0,0.0,21.0,35.0,34.0,24.0,23.0,36.0,57.0,74.0,79.0,68.0,47.0,25.0,1,0
2020-09-22,Seine-Saint-Denis,1045,353,43,0.5,0.6000000000000001,0.8999999999999999,2.0,medium,Au bon coin,"3 Rue du Cygne, Saint-Denis","[0, 0, 0, 0, 0, 0, 0, 6, 12, 18, 27, 35, 41, 45, 44, 39, 34, 34, 43, 53, 55, 54, 53, 43]",0.0,0.0,0.0,0.0,0.0,0.0,0.0,6.0,12.0,18.0,27.0,35.0,41.0,45.0,44.0,39.0,34.0,34.0,43.0,53.0,55.0,54.0,53.0,43.0,1,0
2020-09-22,Seine-Saint-Denis,1045,353,43,0.5,0.6000000000000001,0.8999999999999999,2.0,medium,Le Khédive,"3 Place Victor Hugo, Saint-Denis","[0, 0, 0, 0, 0, 0, 0, 1, 4, 12, 27, 43, 56, 56, 45, 37, 42, 64, 85, 86, 0, 0, 0, 0]",0.0,0.0,0.0,0.0,0.0,0.0,0.0,1.0,4.0,12.0,27.0,43.0,56.0,56.0,45.0,37.0,42.0,64.0,85.0,86.0,0.0,0.0,0.0,0.0,0,0
2020-09-22,Seine-Saint-Denis,1045,353,43,0.5,0.6000000000000001,0.8999999999999999,2.0,medium,Crêp's & Bubble Waffle,"51 Rue Danielle Casanova, Saint-Denis","[1, 1, 0, 0, 0, 0, 0, 0, 0, 0, 0, 0, 0, 0, 0, 0, 0, 0, 0, 43, 41, 32, 20, 10]",1.0,1.0,0.0,0.0,0.0,0.0,0.0,0.0,0.0,0.0,0.0,0.0,0.0,0.0,0.0,0.0,0.0,0.0,0.0,43.0,41.0,32.0,20.0,10.0,0,0
2020-09-22,Seine-Saint-Denis,1045,353,43,0.5,0.6000000000000001,0.8999999999999999,2.0,medium,Paradis Des Antilles,"62 Rue Gabriel Péri, Saint-Denis","[0, 0, 0, 0, 0, 0, 0, 0, 0, 0, 0, 0, 0, 16, 33, 38, 26, 19, 22, 28, 25, 0, 0, 0]",0.0,0.0,0.0,0.0,0.0,0.0,0.0,0.0,0.0,0.0,0.0,0.0,0.0,16.0,33.0,38.0,26.0,19.0,22.0,28.0,25.0,0.0,0.0,0.0,0,1
2020-09-22,Seine-Saint-Denis,1045,353,43,0.5,0.6000000000000001,0.8999999999999999,2.0,medium,La Brigade De Nuit,"62 Avenue Emile Zola, Pierrefitte-sur-Seine","[0, 0, 0, 0, 0, 0, 0, 0, 0, 0, 0, 0, 0, 0, 0, 0, 0, 0, 18, 41, 56, 49, 32, 26]",0.0,0.0,0.0,0.0,0.0,0.0,0.0,0.0,0.0,0.0,0.0,0.0,0.0,0.0,0.0,0.0,0.0,0.0,18.0,41.0,56.0,49.0,32.0,26.0,1,1
2020-09-22,Seine-Saint-Denis,1045,353,43,0.5,0.6000000000000001,0.8999999999999999,2.0,medium,Le Neuf 3,"69 Rue de Strasbourg, Saint-Denis","[20, 0, 0, 0, 0, 0, 0, 0, 0, 0, 0, 27, 49, 64, 59, 43, 33, 37, 53, 71, 82, 80, 63, 41]",20.0,0.0,0.0,0.0,0.0,0.0,0.0,0.0,0.0,0.0,0.0,27.0,49.0,64.0,59.0,43.0,33.0,37.0,53.0,71.0,82.0,80.0,63.0,41.0,0,1
2020-09-22,Seine-Saint-Denis,1045,353,43,0.5,0.6000000000000001,0.8999999999999999,2.0,medium,Brasserie du 42,"42 Avenue de Stalingrad, Saint-Denis","[0, 0, 0, 0, 0, 0, 0, 0, 11, 22, 38, 50, 61, 65, 72, 79, 84, 88, 90, 88, 75, 0, 0, 0]",0.0,0.0,0.0,0.0,0.0,0.0,0.0,0.0,11.0,22.0,38.0,50.0,61.0,65.0,72.0,79.0,84.0,88.0,90.0,88.0,75.0,0.0,0.0,0.0,1,1
2020-09-22,Seine-Saint-Denis,1045,353,43,0.5,0.6000000000000001,0.8999999999999999,2.0,medium,Restaurant Le Campus,"4 Rue Guynemer, Saint-Denis","[0, 0, 0, 0, 0, 0, 0, 0, 1, 8, 21, 51, 86, 100, 90, 66, 40, 23, 23, 38, 56, 56, 40, 0]",0.0,0.0,0.0,0.0,0.0,0.0,0.0,0.0,1.0,8.0,21.0,51.0,86.0,100.0,90.0,66.0,40.0,23.0,23.0,38.0,56.0,56.0,40.0,0.0,1,0
2020-09-22,Seine-Saint-Denis,1045,353,43,0.5,0.6000000000000001,0.8999999999999999,2.0,medium,5 Quinas,"1 Rue Albert Einstein, Saint-Denis","[0, 0, 0, 0, 0, 0, 13, 25, 20, 12, 20, 44, 61, 57, 38, 22, 18, 19, 20, 16, 10, 4, 0, 0]",0.0,0.0,0.0,0.0,0.0,0.0,13.0,25.0,20.0,12.0,20.0,44.0,61.0,57.0,38.0,22.0,18.0,19.0,20.0,16.0,10.0,4.0,0.0,0.0,1,1
2020-09-22,Seine-Saint-Denis,1045,353,43,0.5,0.6000000000000001,0.8999999999999999,2.0,medium,O'Basilic,"85 Rue de Strasbourg, Saint-Denis","[28, 9, 0, 0, 0, 0, 0, 0, 0, 0, 0, 47, 62, 74, 78, 75, 65, 51, 42, 43, 57, 67, 64, 61]",28.0,9.0,0.0,0.0,0.0,0.0,0.0,0.0,0.0,0.0,0.0,47.0,62.0,74.0,78.0,75.0,65.0,51.0,42.0,43.0,57.0,67.0,64.0,61.0,1,0
2020-09-22,Seine-Saint-Denis,1045,353,43,0.5,0.6000000000000001,0.8999999999999999,2.0,medium,Allo Pizza,"87 Rue de Strasbourg, Saint-Denis","[0, 0, 0, 0, 0, 0, 0, 0, 0, 0, 0, 16, 40, 45, 27, 10, 10, 21, 27, 29, 56, 70, 32, 0]",0.0,0.0,0.0,0.0,0.0,0.0,0.0,0.0,0.0,0.0,0.0,16.0,40.0,45.0,27.0,10.0,10.0,21.0,27.0,29.0,56.0,70.0,32.0,0.0,0,1
2020-09-22,Seine-Saint-Denis,1045,353,43,0.5,0.6000000000000001,0.8999999999999999,2.0,medium,Oh chick'n club,"2 Avenue de Saint-Rémy, Saint-Denis","[0, 0, 0, 0, 0, 0, 0, 0, 0, 0, 0, 1, 1, 4, 4, 3, 4, 9, 15, 19, 18, 13, 6, 1]",0.0,0.0,0.0,0.0,0.0,0.0,0.0,0.0,0.0,0.0,0.0,1.0,1.0,4.0,4.0,3.0,4.0,9.0,15.0,19.0,18.0,13.0,6.0,1.0,1,1
2020-09-22,Seine-Saint-Denis,1045,353,43,0.5,0.6000000000000001,0.8999999999999999,2.0,medium,Franprix,"85-87 Rue de Strasbourg, Saint-Denis","[0, 0, 0, 0, 0, 0, 0, 0, 7, 11, 14, 17, 20, 0, 0, 28, 45, 66, 79, 60, 0, 0, 0, 0]",0.0,0.0,0.0,0.0,0.0,0.0,0.0,0.0,7.0,11.0,14.0,17.0,20.0,0.0,0.0,28.0,45.0,66.0,79.0,60.0,0.0,0.0,0.0,0.0,1,0
2020-09-22,Seine-Saint-Denis,1045,353,43,0.5,0.6000000000000001,0.8999999999999999,2.0,medium,Au Champs de Courses,"29 Rue Diderot, Saint-Denis","[1, 0, 0, 0, 0, 0, 1, 3, 29, 62, 85, 83, 62, 44, 38, 48, 59, 64, 62, 51, 37, 20, 5, 1]",1.0,0.0,0.0,0.0,0.0,0.0,1.0,3.0,29.0,62.0,85.0,83.0,62.0,44.0,38.0,48.0,59.0,64.0,62.0,51.0,37.0,20.0,5.0,1.0,0,0
2020-09-22,Seine-Saint-Denis,1045,353,43,0.5,0.6000000000000001,0.8999999999999999,2.0,medium,Ema Pizza,"22 Rue des Postillons, Saint-Denis","[0, 0, 0, 0, 0, 0, 0, 0, 0, 0, 0, 47, 47, 47, 42, 0, 0, 0, 52, 57, 52, 33, 14, 0]",0.0,0.0,0.0,0.0,0.0,0.0,0.0,0.0,0.0,0.0,0.0,47.0,47.0,47.0,42.0,0.0,0.0,0.0,52.0,57.0,52.0,33.0,14.0,0.0,1,1
2020-09-22,Seine-Saint-Denis,1045,353,43,0.5,0.6000000000000001,0.8999999999999999,2.0,medium,O' Terreiro,"78 Rue Henri Barbusse, Saint-Denis","[0, 0, 0, 0, 0, 0, 5, 34, 43, 17, 23, 31, 77, 69, 40, 38, 35, 31, 25, 19, 0, 0, 0, 0]",0.0,0.0,0.0,0.0,0.0,0.0,5.0,34.0,43.0,17.0,23.0,31.0,77.0,69.0,40.0,38.0,35.0,31.0,25.0,19.0,0.0,0.0,0.0,0.0,0,1
2020-09-22,Seine-Saint-Denis,1045,353,43,0.5,0.6000000000000001,0.8999999999999999,2.0,medium,Taiba,"80 Avenue de Stalingrad, Saint-Denis","[0, 0, 0, 0, 0, 0, 0, 0, 0, 0, 0, 15, 30, 44, 45, 35, 23, 21, 33, 55, 75, 78, 63, 39]",0.0,0.0,0.0,0.0,0.0,0.0,0.0,0.0,0.0,0.0,0.0,15.0,30.0,44.0,45.0,35.0,23.0,21.0,33.0,55.0,75.0,78.0,63.0,39.0,0,0
2020-09-22,Seine-Saint-Denis,1045,353,43,0.5,0.6000000000000001,0.8999999999999999,2.0,medium,O'Greedys,"82 Avenue de Stalingrad, Saint-Denis","[0, 0, 0, 0, 0, 0, 0, 0, 0, 0, 0, 13, 24, 34, 34, 27, 20, 17, 24, 31, 41, 48, 44, 41]",0.0,0.0,0.0,0.0,0.0,0.0,0.0,0.0,0.0,0.0,0.0,13.0,24.0,34.0,34.0,27.0,20.0,17.0,24.0,31.0,41.0,48.0,44.0,41.0,0,0
2020-09-22,Seine-Saint-Denis,1045,353,43,0.5,0.6000000000000001,0.8999999999999999,2.0,medium,Pizza Club Restauarant,France,"[0, 0, 0, 0, 0, 0, 0, 0, 0, 0, 0, 17, 25, 25, 0, 0, 0, 0, 25, 46, 45, 23, 0, 0]",0.0,0.0,0.0,0.0,0.0,0.0,0.0,0.0,0.0,0.0,0.0,17.0,25.0,25.0,0.0,0.0,0.0,0.0,25.0,46.0,45.0,23.0,0.0,0.0,1,0
2020-09-22,Seine-Saint-Denis,1045,353,43,0.5,0.6000000000000001,0.8999999999999999,2.0,medium,SUSHI BAR,"36 Rue Henri Barbusse, Saint-Denis","[0, 0, 0, 0, 0, 0, 0, 0, 0, 0, 0, 4, 25, 43, 31, 0, 0, 0, 25, 47, 62, 54, 33, 0]",0.0,0.0,0.0,0.0,0.0,0.0,0.0,0.0,0.0,0.0,0.0,4.0,25.0,43.0,31.0,0.0,0.0,0.0,25.0,47.0,62.0,54.0,33.0,0.0,1,1
2020-09-22,Seine-Saint-Denis,1045,353,43,0.5,0.6000000000000001,0.8999999999999999,2.0,medium,Dolce pizza,"35 Rue Henri Barbusse, Saint-Denis","[0, 0, 0, 0, 0, 0, 0, 0, 0, 0, 0, 0, 15, 21, 24, 24, 27, 36, 48, 63, 60, 45, 33, 87]",0.0,0.0,0.0,0.0,0.0,0.0,0.0,0.0,0.0,0.0,0.0,0.0,15.0,21.0,24.0,24.0,27.0,36.0,48.0,63.0,60.0,45.0,33.0,87.0,0,0
2020-09-22,Seine-Saint-Denis,1045,353,43,0.5,0.6000000000000001,0.8999999999999999,2.0,medium,Factory Five,"2 Rue Henri Barbusse, Saint-Denis","[0, 0, 0, 0, 0, 0, 0, 0, 0, 0, 0, 13, 29, 18, 10, 13, 18, 27, 29, 32, 32, 27, 21, 16]",0.0,0.0,0.0,0.0,0.0,0.0,0.0,0.0,0.0,0.0,0.0,13.0,29.0,18.0,10.0,13.0,18.0,27.0,29.0,32.0,32.0,27.0,21.0,16.0,0,1
2020-09-22,Seine-Saint-Denis,1045,353,43,0.5,0.6000000000000001,0.8999999999999999,2.0,medium,times square,"2 Rue Henri Barbusse, Saint-Denis","[0, 0, 0, 0, 0, 0, 0, 0, 0, 0, 0, 1, 12, 34, 51, 44, 24, 11, 13, 27, 41, 44, 35, 20]",0.0,0.0,0.0,0.0,0.0,0.0,0.0,0.0,0.0,0.0,0.0,1.0,12.0,34.0,51.0,44.0,24.0,11.0,13.0,27.0,41.0,44.0,35.0,20.0,0,1
2020-09-22,Seine-Saint-Denis,1045,353,43,0.5,0.6000000000000001,0.8999999999999999,2.0,medium,Pizzeria Pizzotti,"4 Rue de la Ferme, Saint-Denis","[0, 0, 0, 0, 0, 0, 0, 0, 0, 0, 0, 43, 70, 73, 48, 0, 0, 0, 17, 34, 26, 0, 0, 0]",0.0,0.0,0.0,0.0,0.0,0.0,0.0,0.0,0.0,0.0,0.0,43.0,70.0,73.0,48.0,0.0,0.0,0.0,17.0,34.0,26.0,0.0,0.0,0.0,1,0
2020-09-22,Seine-Saint-Denis,1045,353,43,0.5,0.6000000000000001,0.8999999999999999,2.0,medium,Planète Afrika,"4 Chemin de Saint-Léger, Stains","[0, 0, 0, 0, 0, 0, 0, 0, 0, 0, 0, 0, 35, 56, 56, 0, 0, 0, 26, 50, 70, 71, 52, 0]",0.0,0.0,0.0,0.0,0.0,0.0,0.0,0.0,0.0,0.0,0.0,0.0,35.0,56.0,56.0,0.0,0.0,0.0,26.0,50.0,70.0,71.0,52.0,0.0,1,0
2020-09-22,Seine-Saint-Denis,1045,353,43,0.5,0.6000000000000001,0.8999999999999999,2.0,medium,O 3 Têtes,"29 Avenue Nelson Mandela, Stains","[0, 0, 0, 0, 0, 0, 0, 0, 0, 0, 0, 17, 28, 32, 25, 0, 0, 0, 0, 51, 60, 50, 26, 0]",0.0,0.0,0.0,0.0,0.0,0.0,0.0,0.0,0.0,0.0,0.0,17.0,28.0,32.0,25.0,0.0,0.0,0.0,0.0,51.0,60.0,50.0,26.0,0.0,0,1
2020-09-22,Seine-Saint-Denis,1045,353,43,0.5,0.6000000000000001,0.8999999999999999,2.0,medium,Au Soleil Du Portugal,France,"[0, 0, 0, 0, 0, 0, 0, 16, 27, 24, 23, 48, 83, 82, 50, 26, 19, 18, 17, 15, 12, 0, 0, 0]",0.0,0.0,0.0,0.0,0.0,0.0,0.0,16.0,27.0,24.0,23.0,48.0,83.0,82.0,50.0,26.0,19.0,18.0,17.0,15.0,12.0,0.0,0.0,0.0,0,0
